,ID,Country,Illumination,road_type,severity,Driver_name,severity_cat
0,1,France,Day,Urban,Medium,Ringo,2
1,2,US,Night,Country,Medium,Paul,2
2,3,Germany,Night,Urban,Minor,Paul,3
3,4,UK,Night,Country,Major,Ringo,1
4,5,Italy,Day,Urban,Critical,George,0
5,6,Italy,Day,Country,Major,Paul,1
6,7,UK,Night,Urban,Medium,Ringo,2
7,8,US,Night,Country,Major,George,1
8,9,US,Day,Highway,Medium,John,2
9,10,Italy,Night,Urban,Critical,Ringo,0
10,11,US,Dusk,Highway,Minor,George,3
11,12,Germany,Day,Country,Minor,John,3
12,13,Italy,Day,Urban,Critical,Ringo,0
13,14,Italy,Day,Urban,Critical,George,0
14,15,Germany,Day,Highway,Major,George,1
15,16,Italy,Day,Urban,Critical,Paul,0
16,17,US,Night,Urban,Critical,George,0
17,18,US,Night,Highway,Critical,Ringo,0
18,19,Germany,Night,Urban,Medium,Ringo,2
19,20,France,Day,Highway,Minor,Paul,3
20,21,Sweden,Dusk,Country,Minor,George,3
21,22,Italy,Day,Urban,Medium,George,2
22,23,UK,Night,Urban,Medium,Paul,2
23,24,UK,Day,Country,Medium,George,2
24,25,Sweden,Night,Country,Major,John,1
25,26,Italy,Night,Urban,Critical,George,0
26,27,UK,Night,Country,Major,Ringo,1
27,28,France,Night,Highway,Major,John,1
28,29,Sweden,Day,Country,Medium,Ringo,2
29,30,US,Day,Urban,Medium,Ringo,2
30,31,Italy,Night,Highway,Major,Paul,1
31,32,Germany,Night,Urban,Critical,John,0
32,33,UK,Night,Urban,Medium,John,2
33,34,Italy,Day,Urban,Critical,Paul,0
34,35,US,Day,Highway,Major,Paul,1
35,36,France,Night,Urban,Medium,John,2
36,37,UK,Day,Urban,Medium,Ringo,2
37,38,US,Night,Urban,Minor,George,3
38,39,US,Night,Urban,Critical,John,0
39,40,US,Night,Country,Medium,George,2
40,41,UK,Night,Urban,Critical,John,0
41,42,US,Night,Urban,Medium,Ringo,2
42,43,France,Night,Highway,Major,George,1
43,44,UK,Night,Highway,Medium,John,2
44,45,France,Night,Urban,Medium,George,2
45,46,US,Night,Country,Medium,John,2
46,47,France,Night,Country,Medium,Ringo,2
47,48,UK,Day,Country,Minor,George,3
48,49,UK,Night,Country,Major,George,1
49,50,Sweden,Night,Urban,Major,Ringo,1
50,51,Germany,Night,Urban,Medium,Paul,2
51,52,Germany,Night,Urban,Critical,John,0
52,53,US,Night,Urban,Major,Ringo,1
53,54,France,Day,Country,Medium,George,2
54,55,Sweden,Day,Country,Critical,Ringo,0
55,56,Germany,Night,Urban,Critical,George,0
56,57,France,Day,Urban,Minor,John,3
57,58,Italy,Night,Urban,Medium,John,2
58,59,Germany,Night,Urban,Medium,Paul,2
59,60,Germany,Dusk,Highway,Minor,John,3
60,61,Sweden,Day,Urban,Critical,George,0
61,62,US,Night,Highway,Medium,John,2
62,63,France,Night,Urban,Critical,John,0
63,64,Italy,Day,Urban,Critical,Ringo,0
64,65,Italy,Night,Country,Major,George,1
65,66,France,Dusk,Country,Major,Ringo,1
66,67,Italy,Night,Country,Major,John,1
67,68,US,Night,Country,Major,John,1
68,69,Germany,Night,Highway,Medium,John,2
69,70,Germany,Dusk,Highway,Minor,John,3
70,71,France,Day,Highway,Major,George,1
71,72,France,Dusk,Country,Minor,George,3
72,73,Germany,Night,Highway,Medium,George,2
73,74,Germany,Night,Highway,Major,Paul,1
74,75,France,Day,Highway,Critical,Ringo,0
75,76,France,Day,Urban,Critical,George,0
76,77,UK,Day,Highway,Major,John,1
77,78,Germany,Day,Country,Major,John,1
78,79,Italy,Day,Highway,Minor,Paul,3
79,80,Germany,Day,Country,Major,Paul,1
80,81,Sweden,Day,Highway,Critical,Ringo,0
81,82,Germany,Day,Country,Major,Paul,1
82,83,Germany,Night,Highway,Major,George,1
83,84,US,Night,Urban,Medium,George,2
84,85,Sweden,Day,Country,Medium,Ringo,2
85,86,Sweden,Night,Country,Major,Paul,1
86,87,UK,Night,Urban,Medium,John,2
87,88,Germany,Day,Highway,Medium,George,2
88,89,France,Night,Highway,Major,George,1
89,90,UK,Night,Highway,Major,George,1
90,91,Germany,Night,Country,Major,John,1
91,92,UK,Day,Country,Major,George,1
92,93,UK,Day,Urban,Medium,Ringo,2
93,94,Germany,Night,Highway,Medium,Ringo,2
94,95,Sweden,Night,Country,Medium,John,2
95,96,UK,Dusk,Urban,Minor,John,3
96,97,UK,Night,Urban,Medium,Paul,2
97,98,Sweden,Night,Highway,Major,Ringo,1
98,99,Sweden,Night,Country,Major,John,1
99,100,US,Day,Highway,Medium,John,2
100,101,Germany,Dusk,Urban,Major,Ringo,1
101,102,Germany,Day,Urban,Medium,Ringo,2
102,103,France,Night,Country,Medium,John,2
103,104,Italy,Day,Country,Minor,Paul,3
104,105,Germany,Dusk,Highway,Minor,George,3
105,106,Sweden,Night,Urban,Medium,Paul,2
106,107,Germany,Dusk,Urban,Minor,John,3
107,108,UK,Night,Highway,Major,John,1
108,109,Italy,Night,Country,Major,Paul,1
109,110,Italy,Day,Highway,Major,Paul,1
110,111,France,Night,Country,Medium,John,2
111,112,UK,Night,Urban,Medium,Ringo,2
112,113,France,Night,Country,Major,George,1
113,114,France,Day,Highway,Medium,George,2
114,115,Sweden,Day,Urban,Medium,Ringo,2
115,116,US,Night,Urban,Medium,Ringo,2
116,117,France,Day,Highway,Medium,John,2
117,118,UK,Day,Urban,Medium,Ringo,2
118,119,US,Dusk,Highway,Minor,Paul,3
119,120,Sweden,Night,Highway,Medium,Paul,2
120,121,Germany,Night,Highway,Major,Paul,1
121,122,Sweden,Day,Urban,Critical,Paul,0
122,123,Sweden,Night,Urban,Minor,John,3
123,124,US,Night,Country,Major,John,1
124,125,Germany,Dusk,Country,Minor,George,3
125,126,US,Night,Highway,Medium,Paul,2
126,127,Italy,Night,Highway,Major,Paul,1
127,128,Germany,Day,Highway,Medium,John,2
128,129,Italy,Night,Highway,Minor,John,3
129,130,Italy,Day,Highway,Major,Ringo,1
130,131,Sweden,Night,Highway,Medium,John,2
131,132,UK,Night,Highway,Major,Paul,1
132,133,Sweden,Day,Highway,Minor,Paul,3
133,134,US,Night,Urban,Medium,George,2
134,135,Germany,Night,Urban,Critical,Paul,0
135,136,France,Day,Highway,Minor,John,3
136,137,Sweden,Night,Country,Medium,Paul,2
137,138,US,Night,Urban,Critical,George,0
138,139,US,Day,Highway,Minor,Paul,3
139,140,Sweden,Night,Country,Major,Paul,1
140,141,France,Night,Highway,Medium,Paul,2
141,142,Germany,Night,Country,Major,Ringo,1
142,143,Italy,Dusk,Urban,Major,Ringo,1
143,144,France,Night,Highway,Major,John,1
144,145,US,Night,Highway,Medium,Paul,2
145,146,Sweden,Night,Country,Critical,Ringo,0
146,147,Germany,Night,Urban,Critical,John,0
147,148,UK,Day,Highway,Major,John,1
148,149,France,Night,Urban,Critical,Ringo,0
149,150,France,Night,Country,Major,John,1
150,151,Italy,Night,Highway,Major,Paul,1
151,152,US,Day,Urban,Critical,George,0
152,153,Italy,Day,Urban,Major,Ringo,1
153,154,UK,Night,Urban,Critical,George,0
154,155,Sweden,Day,Urban,Critical,John,0
155,156,France,Day,Country,Major,Ringo,1
156,157,US,Night,Highway,Major,Paul,1
157,158,Sweden,Night,Urban,Critical,George,0
158,159,US,Night,Country,Medium,George,2
159,160,Germany,Night,Country,Major,George,1
160,161,Germany,Day,Country,Minor,George,3
161,162,UK,Dusk,Highway,Major,Ringo,1
162,163,UK,Night,Highway,Major,Paul,1
163,164,Italy,Night,Urban,Minor,Paul,3
164,165,Sweden,Night,Highway,Major,John,1
165,166,US,Night,Highway,Major,John,1
166,167,US,Dusk,Country,Major,Ringo,1
167,168,Sweden,Dusk,Urban,Minor,Paul,3
168,169,Sweden,Night,Urban,Medium,Ringo,2
169,170,Italy,Day,Urban,Critical,John,0
170,171,Italy,Night,Highway,Major,George,1
171,172,UK,Night,Highway,Medium,Ringo,2
172,173,UK,Day,Urban,Medium,Ringo,2
173,174,France,Night,Highway,Medium,Ringo,2
174,175,France,Day,Urban,Medium,Ringo,2
175,176,Germany,Night,Urban,Medium,Paul,2
176,177,UK,Night,Urban,Minor,John,3
177,178,UK,Night,Country,Medium,Paul,2
178,179,Germany,Night,Highway,Critical,Ringo,0
179,180,Germany,Day,Urban,Medium,Ringo,2
180,181,Sweden,Night,Country,Major,George,1
181,182,US,Day,Highway,Medium,Paul,2
182,183,Germany,Day,Highway,Major,John,1
183,184,Italy,Night,Country,Major,Paul,1
184,185,Sweden,Night,Country,Major,Ringo,1
185,186,Sweden,Night,Urban,Critical,George,0
186,187,France,Night,Urban,Critical,Paul,0
187,188,Sweden,Night,Urban,Major,Ringo,1
188,189,France,Day,Urban,Minor,Paul,3
189,190,US,Day,Highway,Critical,Ringo,0
190,191,Italy,Day,Urban,Critical,Ringo,0
191,192,UK,Night,Highway,Major,George,1
192,193,UK,Day,Urban,Critical,Paul,0
193,194,UK,Night,Urban,Minor,George,3
194,195,France,Dusk,Country,Minor,John,3
195,196,US,Day,Highway,Major,John,1
196,197,UK,Night,Country,Medium,Ringo,2
197,198,Germany,Night,Highway,Critical,Ringo,0
198,199,Italy,Day,Urban,Critical,George,0
199,200,Germany,Day,Urban,Minor,Paul,3
200,201,UK,Night,Urban,Minor,John,3
201,202,UK,Day,Country,Major,John,1
202,203,France,Night,Highway,Minor,Paul,3
203,204,Sweden,Day,Country,Medium,Ringo,2
204,205,UK,Night,Country,Major,Paul,1
205,206,France,Night,Highway,Major,Ringo,1
206,207,Italy,Dusk,Country,Major,Ringo,1
207,208,Germany,Night,Highway,Major,Ringo,1
208,209,Sweden,Day,Highway,Medium,Ringo,2
209,210,Germany,Night,Urban,Medium,Ringo,2
210,211,Sweden,Day,Country,Major,Paul,1
211,212,France,Day,Country,Minor,Paul,3
212,213,UK,Night,Urban,Medium,Ringo,2
213,214,Germany,Night,Urban,Critical,George,0
214,215,UK,Day,Country,Major,John,1
215,216,Italy,Day,Highway,Major,Paul,1
216,217,Italy,Night,Urban,Critical,Ringo,0
217,218,Italy,Day,Country,Major,George,1
218,219,France,Night,Country,Medium,John,2
219,220,Italy,Night,Country,Major,John,1
220,221,US,Night,Urban,Medium,Ringo,2
221,222,Sweden,Night,Urban,Critical,Paul,0
222,223,Germany,Night,Urban,Medium,Paul,2
223,224,Sweden,Night,Country,Minor,George,3
224,225,US,Night,Highway,Major,John,1
225,226,Sweden,Day,Highway,Minor,Paul,3
226,227,Italy,Night,Country,Minor,Paul,3
227,228,Sweden,Dusk,Urban,Minor,George,3
228,229,Italy,Day,Urban,Critical,John,0
229,230,Sweden,Night,Urban,Medium,Ringo,2
230,231,UK,Night,Highway,Critical,Ringo,0
231,232,France,Day,Highway,Minor,Paul,3
232,233,US,Dusk,Country,Minor,Paul,3
233,234,US,Night,Highway,Minor,Paul,3
234,235,Sweden,Day,Urban,Minor,George,3
235,236,France,Day,Highway,Critical,Ringo,0
236,237,UK,Night,Urban,Medium,Ringo,2
237,238,France,Night,Urban,Medium,Ringo,2
238,239,Sweden,Day,Country,Medium,Paul,2
239,240,UK,Night,Country,Major,George,1
240,241,Sweden,Day,Country,Major,John,1
241,242,France,Day,Country,Major,Paul,1
242,243,Italy,Day,Urban,Medium,John,2
243,244,US,Night,Urban,Critical,John,0
244,245,UK,Night,Country,Medium,George,2
245,246,France,Day,Urban,Medium,Ringo,2
246,247,US,Night,Highway,Minor,George,3
247,248,UK,Dusk,Highway,Minor,Paul,3
248,249,Italy,Day,Highway,Major,John,1
249,250,US,Night,Urban,Minor,John,3
250,251,France,Day,Urban,Critical,John,0
251,252,Sweden,Day,Highway,Critical,Ringo,0
252,253,US,Night,Country,Major,John,1
253,254,France,Day,Country,Major,George,1
254,255,Germany,Night,Country,Medium,John,2
255,256,Sweden,Night,Country,Major,John,1
256,257,UK,Day,Highway,Major,John,1
257,258,Italy,Night,Highway,Major,Paul,1
258,259,Italy,Day,Urban,Critical,George,0
259,260,Germany,Night,Urban,Medium,John,2
260,261,Italy,Day,Urban,Medium,Paul,2
261,262,France,Night,Urban,Medium,John,2
262,263,Italy,Night,Highway,Major,George,1
263,264,Sweden,Day,Country,Medium,John,2
264,265,US,Night,Urban,Critical,John,0
265,266,Germany,Night,Country,Major,John,1
266,267,Germany,Night,Urban,Medium,Paul,2
267,268,UK,Night,Highway,Medium,Ringo,2
268,269,UK,Night,Country,Major,George,1
269,270,France,Night,Country,Medium,Ringo,2
270,271,US,Day,Highway,Major,George,1
271,272,UK,Day,Urban,Critical,John,0
272,273,UK,Night,Country,Minor,George,3
273,274,Italy,Day,Urban,Critical,Ringo,0
274,275,Germany,Day,Urban,Minor,Paul,3
275,276,Germany,Night,Highway,Major,John,1
276,277,Sweden,Night,Urban,Critical,John,0
277,278,Sweden,Day,Country,Minor,George,3
278,279,France,Night,Highway,Medium,George,2
279,280,US,Night,Urban,Critical,George,0
280,281,Germany,Day,Urban,Critical,Ringo,0
281,282,US,Day,Urban,Critical,John,0
282,283,US,Day,Country,Minor,George,3
283,284,France,Day,Highway,Minor,Paul,3
284,285,Germany,Night,Urban,Critical,George,0
285,286,US,Night,Highway,Major,John,1
286,287,Sweden,Night,Highway,Major,George,1
287,288,US,Day,Urban,Critical,George,0
288,289,France,Night,Highway,Major,Paul,1
289,290,Italy,Day,Country,Major,Paul,1
290,291,Sweden,Day,Highway,Critical,Ringo,0
291,292,France,Night,Highway,Medium,George,2
292,293,France,Night,Urban,Medium,Ringo,2
293,294,France,Day,Urban,Medium,Ringo,2
294,295,US,Day,Country,Minor,George,3
295,296,France,Night,Urban,Critical,John,0
296,297,US,Dusk,Urban,Minor,Paul,3
297,298,US,Night,Country,Major,John,1
298,299,UK,Night,Highway,Major,Paul,1
299,300,US,Night,Country,Major,Paul,1
300,301,France,Night,Urban,Critical,Paul,0
301,302,US,Day,Urban,Critical,Ringo,0
302,303,Italy,Day,Urban,Critical,George,0
303,304,Italy,Night,Urban,Critical,Ringo,0
304,305,US,Day,Urban,Critical,Paul,0
305,306,UK,Day,Highway,Major,John,1
306,307,Italy,Night,Highway,Major,George,1
307,308,France,Night,Country,Major,George,1
308,309,Italy,Day,Urban,Critical,John,0
309,310,France,Night,Urban,Medium,John,2
310,311,US,Day,Country,Major,Paul,1
311,312,Italy,Day,Urban,Critical,Paul,0
312,313,Germany,Dusk,Urban,Minor,George,3
313,314,Italy,Night,Urban,Critical,Paul,0
314,315,US,Night,Urban,Medium,John,2
315,316,UK,Day,Urban,Medium,John,2
316,317,France,Night,Urban,Critical,John,0
317,318,Italy,Day,Country,Critical,Ringo,0
318,319,UK,Day,Urban,Medium,George,2
319,320,Sweden,Day,Urban,Medium,George,2
320,321,Germany,Day,Country,Major,Ringo,1
321,322,US,Day,Country,Medium,John,2
322,323,Sweden,Day,Country,Minor,John,3
323,324,US,Night,Urban,Medium,Paul,2
324,325,Germany,Night,Highway,Major,Paul,1
325,326,UK,Day,Country,Medium,Paul,2
326,327,UK,Day,Highway,Major,Ringo,1
327,328,Italy,Night,Urban,Critical,George,0
328,329,France,Day,Highway,Major,George,1
329,330,France,Night,Highway,Medium,John,2
330,331,Sweden,Day,Country,Medium,George,2
331,332,Sweden,Night,Urban,Critical,John,0
332,333,Sweden,Night,Highway,Major,John,1
333,334,France,Night,Highway,Medium,Paul,2
334,335,Italy,Night,Highway,Major,Paul,1
335,336,Germany,Night,Highway,Medium,Paul,2
336,337,Germany,Night,Urban,Medium,Paul,2
337,338,France,Night,Country,Major,George,1
338,339,US,Day,Country,Medium,George,2
339,340,US,Night,Urban,Critical,Paul,0
340,341,Germany,Day,Highway,Major,George,1
341,342,UK,Day,Highway,Major,George,1
342,343,Italy,Night,Urban,Critical,Ringo,0
343,344,US,Dusk,Highway,Minor,George,3
344,345,UK,Dusk,Highway,Minor,John,3
345,346,Germany,Dusk,Urban,Minor,George,3
346,347,UK,Day,Highway,Major,John,1
347,348,US,Night,Country,Minor,John,3
348,349,Sweden,Day,Urban,Critical,Ringo,0
349,350,France,Day,Highway,Minor,Paul,3
350,351,Germany,Day,Country,Critical,Ringo,0
351,352,US,Night,Country,Minor,George,3
352,353,Sweden,Day,Urban,Critical,George,0
353,354,France,Night,Country,Minor,John,3
354,355,Sweden,Night,Highway,Major,George,1
355,356,UK,Night,Urban,Critical,Paul,0
356,357,France,Night,Urban,Medium,John,2
357,358,Germany,Day,Country,Major,George,1
358,359,Italy,Dusk,Highway,Major,Ringo,1
359,360,Italy,Night,Urban,Critical,Ringo,0
360,361,US,Night,Urban,Medium,Ringo,2
361,362,Sweden,Night,Country,Major,Ringo,1
362,363,UK,Night,Urban,Critical,John,0
363,364,Germany,Day,Urban,Medium,George,2
364,365,Italy,Day,Urban,Critical,Ringo,0
365,366,France,Night,Urban,Medium,George,2
366,367,Germany,Night,Urban,Medium,Paul,2
367,368,France,Day,Country,Minor,Paul,3
368,369,France,Night,Highway,Major,Paul,1
369,370,France,Night,Urban,Minor,George,3
370,371,Germany,Night,Country,Medium,John,2
371,372,UK,Day,Highway,Major,George,1
372,373,France,Night,Highway,Medium,Paul,2
373,374,Italy,Day,Urban,Major,John,1
374,375,Germany,Night,Highway,Minor,George,3
375,376,France,Day,Highway,Critical,Ringo,0
376,377,Germany,Day,Urban,Medium,Ringo,2
377,378,Sweden,Night,Country,Major,Paul,1
378,379,UK,Night,Country,Critical,Ringo,0
379,380,Sweden,Night,Urban,Medium,Ringo,2
380,381,US,Day,Urban,Critical,Paul,0
381,382,US,Night,Highway,Medium,George,2
382,383,Italy,Night,Urban,Critical,George,0
383,384,Germany,Night,Country,Minor,George,3
384,385,Germany,Night,Urban,Critical,John,0
385,386,France,Night,Urban,Critical,George,0
386,387,France,Night,Country,Major,Paul,1
387,388,France,Day,Highway,Critical,Ringo,0
388,389,Italy,Day,Country,Critical,Ringo,0
389,390,Germany,Day,Highway,Critical,Ringo,0
390,391,US,Day,Highway,Minor,George,3
391,392,Italy,Day,Urban,Critical,Paul,0
392,393,UK,Day,Country,Major,John,1
393,394,UK,Day,Urban,Medium,George,2
394,395,Germany,Night,Urban,Minor,Paul,3
395,396,Italy,Night,Country,Major,John,1
396,397,Italy,Night,Urban,Critical,John,0
397,398,Sweden,Dusk,Country,Minor,Paul,3
398,399,Sweden,Night,Urban,Critical,John,0
399,400,Germany,Night,Urban,Medium,George,2
400,401,Germany,Night,Highway,Major,Ringo,1
401,402,Italy,Night,Urban,Critical,George,0
402,403,Italy,Day,Country,Major,Paul,1
403,404,UK,Night,Country,Major,Ringo,1
404,405,UK,Day,Urban,Medium,Ringo,2
405,406,Sweden,Dusk,Highway,Minor,George,3
406,407,UK,Night,Highway,Minor,John,3
407,408,US,Night,Country,Major,Paul,1
408,409,UK,Night,Highway,Medium,Ringo,2
409,410,Italy,Night,Country,Medium,George,2
410,411,Germany,Day,Highway,Minor,George,3
411,412,Italy,Night,Country,Medium,Paul,2
412,413,France,Night,Country,Major,Ringo,1
413,414,France,Day,Urban,Medium,Ringo,2
414,415,Sweden,Dusk,Highway,Minor,George,3
415,416,US,Night,Urban,Critical,George,0
416,417,US,Day,Highway,Major,George,1
417,418,UK,Day,Country,Medium,George,2
418,419,Sweden,Day,Urban,Critical,Paul,0
419,420,Germany,Night,Highway,Major,John,1
420,421,Italy,Night,Urban,Critical,George,0
421,422,Sweden,Day,Highway,Medium,John,2
422,423,US,Dusk,Country,Major,Ringo,1
423,424,Germany,Night,Urban,Critical,John,0
424,425,Sweden,Day,Highway,Medium,John,2
425,426,France,Night,Urban,Critical,John,0
426,427,Sweden,Dusk,Highway,Minor,John,3
427,428,US,Night,Country,Major,Paul,1
428,429,Italy,Day,Highway,Major,Paul,1
429,430,Germany,Day,Country,Major,John,1
430,431,US,Day,Urban,Critical,John,0
431,432,France,Night,Urban,Critical,John,0
432,433,Germany,Day,Highway,Medium,Paul,2
433,434,Italy,Night,Urban,Critical,Ringo,0
434,435,Sweden,Night,Highway,Major,John,1
435,436,Sweden,Night,Highway,Major,George,1
436,437,UK,Day,Urban,Medium,John,2
437,438,UK,Night,Highway,Major,Paul,1
438,439,US,Dusk,Highway,Minor,Paul,3
439,440,UK,Dusk,Urban,Minor,George,3
440,441,Sweden,Day,Urban,Medium,John,2
441,442,US,Day,Country,Minor,John,3
442,443,Italy,Night,Urban,Major,John,1
443,444,France,Day,Highway,Medium,John,2
444,445,France,Night,Highway,Major,John,1
445,446,France,Dusk,Country,Minor,Paul,3
446,447,UK,Night,Country,Major,Paul,1
447,448,Sweden,Day,Country,Minor,Paul,3
448,449,Sweden,Night,Country,Minor,John,3
449,450,US,Day,Country,Minor,George,3
450,451,Sweden,Night,Country,Minor,George,3
451,452,France,Day,Highway,Major,Paul,1
452,453,Italy,Night,Urban,Major,George,1
453,454,France,Day,Urban,Minor,George,3
454,455,Sweden,Night,Highway,Minor,Paul,3
455,456,France,Dusk,Urban,Minor,John,3
456,457,UK,Night,Urban,Critical,Paul,0
457,458,UK,Night,Urban,Medium,Ringo,2
458,459,Germany,Night,Urban,Critical,Ringo,0
459,460,Italy,Day,Country,Medium,John,2
460,461,Italy,Night,Country,Major,Ringo,1
461,462,US,Day,Urban,Medium,Ringo,2
462,463,France,Dusk,Urban,Minor,George,3
463,464,Sweden,Day,Country,Critical,Ringo,0
464,465,Sweden,Day,Highway,Major,Ringo,1
465,466,Sweden,Day,Country,Major,George,1
466,467,France,Night,Country,Major,Paul,1
467,468,Italy,Day,Urban,Critical,Ringo,0
468,469,US,Night,Highway,Critical,Ringo,0
469,470,Germany,Night,Highway,Major,Paul,1
470,471,Italy,Night,Urban,Critical,George,0
471,472,US,Night,Urban,Medium,John,2
472,473,US,Night,Highway,Major,Paul,1
473,474,Germany,Night,Highway,Medium,John,2
474,475,UK,Day,Urban,Medium,Paul,2
475,476,US,Day,Highway,Minor,George,3
476,477,Sweden,Night,Urban,Medium,Paul,2
477,478,Germany,Night,Urban,Major,Ringo,1
478,479,US,Day,Highway,Medium,John,2
479,480,UK,Day,Country,Critical,Ringo,0
480,481,Sweden,Night,Highway,Minor,Paul,3
481,482,Italy,Day,Urban,Medium,Paul,2
482,483,US,Dusk,Urban,Major,Ringo,1
483,484,France,Night,Country,Minor,Paul,3
484,485,UK,Night,Country,Major,John,1
485,486,Italy,Night,Highway,Major,Paul,1
486,487,Italy,Night,Urban,Medium,George,2
487,488,Sweden,Night,Country,Medium,George,2
488,489,UK,Night,Country,Major,George,1
489,490,Italy,Night,Urban,Critical,John,0
490,491,Germany,Day,Urban,Medium,Paul,2
491,492,US,Night,Highway,Major,George,1
492,493,France,Day,Urban,Minor,Paul,3
493,494,US,Night,Country,Medium,Ringo,2
494,495,US,Day,Urban,Medium,Ringo,2
495,496,Sweden,Day,Urban,Medium,Ringo,2
496,497,Sweden,Night,Urban,Minor,George,3
497,498,UK,Night,Highway,Medium,John,2
498,499,Germany,Day,Country,Minor,George,3
499,500,Sweden,Night,Urban,Medium,Ringo,2
500,501,France,Night,Urban,Critical,George,0
501,502,UK,Day,Country,Medium,John,2
502,503,France,Day,Urban,Medium,Paul,2
503,504,Italy,Night,Urban,Critical,George,0
504,505,Sweden,Night,Country,Major,Ringo,1
505,506,Germany,Night,Urban,Medium,George,2
506,507,Germany,Day,Country,Major,Ringo,1
507,508,Germany,Night,Country,Minor,Paul,3
508,509,France,Night,Country,Medium,George,2
509,510,Sweden,Day,Country,Medium,Paul,2
510,511,Germany,Night,Country,Medium,John,2
511,512,US,Night,Urban,Medium,Paul,2
512,513,France,Night,Country,Major,Ringo,1
513,514,Germany,Day,Urban,Medium,Paul,2
514,515,Sweden,Night,Country,Major,Paul,1
515,516,Sweden,Day,Urban,Medium,George,2
516,517,Germany,Night,Highway,Major,George,1
517,518,France,Night,Highway,Medium,Paul,2
518,519,UK,Day,Highway,Major,George,1
519,520,US,Dusk,Country,Major,Ringo,1
520,521,Sweden,Day,Urban,Critical,John,0
521,522,Germany,Day,Country,Major,Paul,1
522,523,Germany,Day,Highway,Minor,Paul,3
523,524,Germany,Night,Highway,Critical,Ringo,0
524,525,UK,Night,Urban,Critical,Paul,0
525,526,Germany,Dusk,Country,Minor,Paul,3
526,527,Sweden,Day,Country,Minor,George,3
527,528,US,Night,Country,Major,Ringo,1
528,529,Sweden,Day,Urban,Medium,Ringo,2
529,530,France,Night,Urban,Medium,Ringo,2
530,531,Germany,Day,Country,Major,John,1
531,532,Italy,Night,Country,Critical,Ringo,0
532,533,Germany,Day,Urban,Medium,Ringo,2
533,534,Italy,Day,Urban,Medium,John,2
534,535,France,Dusk,Urban,Minor,John,3
535,536,Italy,Day,Urban,Critical,Paul,0
536,537,Italy,Day,Urban,Medium,John,2
537,538,US,Night,Country,Major,George,1
538,539,US,Night,Country,Major,John,1
539,540,UK,Day,Urban,Major,Ringo,1
540,541,Germany,Night,Highway,Major,Ringo,1
541,542,France,Day,Urban,Critical,Paul,0
542,543,Germany,Night,Highway,Medium,John,2
543,544,UK,Day,Urban,Medium,Ringo,2
544,545,UK,Night,Urban,Minor,George,3
545,546,US,Night,Country,Medium,Paul,2
546,547,UK,Night,Urban,Medium,Ringo,2
547,548,France,Night,Highway,Major,Paul,1
548,549,France,Day,Urban,Critical,Paul,0
549,550,France,Dusk,Country,Major,Ringo,1
550,551,US,Day,Urban,Critical,John,0
551,552,Italy,Night,Highway,Major,John,1
552,553,Sweden,Night,Urban,Critical,George,0
553,554,Italy,Day,Highway,Medium,George,2
554,555,Italy,Night,Highway,Major,George,1
555,556,France,Dusk,Country,Major,Ringo,1
556,557,US,Night,Country,Minor,John,3
557,558,US,Day,Highway,Medium,John,2
558,559,Sweden,Night,Country,Major,Ringo,1
559,560,US,Day,Highway,Minor,George,3
560,561,France,Day,Urban,Medium,Ringo,2
561,562,Italy,Night,Urban,Medium,George,2
562,563,US,Night,Urban,Medium,Ringo,2
563,564,Germany,Day,Country,Major,George,1
564,565,Germany,Night,Urban,Critical,John,0
565,566,Italy,Day,Urban,Critical,George,0
566,567,UK,Day,Urban,Medium,Ringo,2
567,568,Italy,Night,Highway,Major,Ringo,1
568,569,UK,Night,Urban,Critical,Ringo,0
569,570,Sweden,Night,Highway,Medium,John,2
570,571,US,Night,Country,Major,Paul,1
571,572,UK,Day,Highway,Minor,Paul,3
572,573,France,Day,Urban,Critical,Paul,0
573,574,UK,Night,Highway,Major,George,1
574,575,UK,Dusk,Highway,Minor,John,3
575,576,UK,Dusk,Urban,Minor,Paul,3
576,577,UK,Night,Highway,Major,Paul,1
577,578,Italy,Night,Urban,Medium,Ringo,2
578,579,US,Dusk,Country,Major,Ringo,1
579,580,Sweden,Day,Urban,Medium,Paul,2
580,581,UK,Night,Urban,Critical,George,0
581,582,France,Night,Urban,Minor,John,3
582,583,Italy,Night,Highway,Major,Paul,1
583,584,Sweden,Dusk,Country,Critical,George,0
584,585,UK,Dusk,Highway,Minor,John,3
585,586,Italy,Day,Urban,Critical,John,0
586,587,France,Night,Urban,Medium,John,2
587,588,UK,Night,Country,Major,Paul,1
588,589,US,Night,Country,Major,Paul,1
589,590,Sweden,Night,Country,Major,John,1
590,591,US,Night,Country,Minor,Paul,3
591,592,US,Night,Highway,Major,John,1
592,593,Italy,Day,Urban,Major,John,1
593,594,UK,Night,Country,Medium,Ringo,2
594,595,Italy,Day,Country,Major,John,1
595,596,France,Night,Country,Minor,John,3
596,597,Sweden,Night,Urban,Medium,Ringo,2
597,598,UK,Night,Urban,Medium,John,2
598,599,UK,Day,Country,Major,Ringo,1
599,600,France,Night,Country,Critical,Ringo,0
600,601,France,Dusk,Country,Minor,Paul,3
601,602,Germany,Day,Country,Medium,Paul,2
602,603,Sweden,Day,Highway,Major,George,1
603,604,Sweden,Night,Country,Major,George,1
604,605,Germany,Night,Highway,Major,John,1
605,606,Sweden,Night,Country,Major,George,1
606,607,France,Night,Highway,Major,George,1
607,608,Germany,Night,Country,Major,George,1
608,609,UK,Day,Urban,Medium,Paul,2
609,610,Germany,Night,Urban,Medium,Ringo,2
610,611,Germany,Day,Urban,Medium,Ringo,2
611,612,UK,Night,Highway,Medium,Ringo,2
612,613,Germany,Day,Urban,Medium,Ringo,2
613,614,Germany,Day,Highway,Major,John,1
614,615,Germany,Day,Country,Major,Paul,1
615,616,France,Day,Highway,Medium,Paul,2
616,617,Italy,Night,Urban,Critical,George,0
617,618,UK,Day,Highway,Major,George,1
618,619,US,Night,Highway,Major,Paul,1
619,620,Italy,Day,Urban,Critical,John,0
620,621,France,Day,Urban,Medium,Ringo,2
621,622,Germany,Dusk,Country,Critical,John,0
622,623,UK,Day,Highway,Major,John,1
623,624,Sweden,Night,Urban,Critical,George,0
624,625,Italy,Night,Highway,Major,John,1
625,626,US,Day,Urban,Minor,Paul,3
626,627,Italy,Day,Country,Major,Paul,1
627,628,US,Night,Urban,Minor,George,3
628,629,Italy,Dusk,Highway,Major,Ringo,1
629,630,Germany,Dusk,Urban,Minor,Paul,3
630,631,Italy,Day,Urban,Major,Paul,1
631,632,Sweden,Day,Highway,Major,Paul,1
632,633,Germany,Night,Country,Major,Paul,1
633,634,UK,Day,Urban,Critical,George,0
634,635,France,Day,Country,Critical,Ringo,0
635,636,Sweden,Day,Urban,Critical,John,0
636,637,France,Day,Highway,Major,Paul,1
637,638,UK,Night,Highway,Medium,Paul,2
638,639,France,Night,Highway,Medium,Ringo,2
639,640,US,Day,Country,Medium,Paul,2
640,641,Sweden,Night,Country,Medium,Ringo,2
641,642,Sweden,Night,Urban,Critical,Paul,0
642,643,Germany,Day,Urban,Major,Ringo,1
643,644,Italy,Night,Urban,Critical,Ringo,0
644,645,UK,Day,Highway,Major,George,1
645,646,US,Night,Urban,Critical,Ringo,0
646,647,Germany,Day,Country,Minor,Paul,3
647,648,France,Dusk,Country,Major,Ringo,1
648,649,US,Night,Country,Major,Paul,1
649,650,US,Day,Country,Medium,Ringo,2
650,651,Sweden,Night,Urban,Critical,George,0
651,652,Germany,Night,Highway,Major,John,1
652,653,Italy,Day,Urban,Critical,George,0
653,654,Germany,Day,Highway,Medium,John,2
654,655,Germany,Night,Highway,Minor,Paul,3
655,656,Sweden,Night,Country,Major,John,1
656,657,Sweden,Day,Country,Medium,John,2
657,658,Italy,Night,Country,Major,Paul,1
658,659,France,Night,Urban,Medium,Ringo,2
659,660,France,Night,Country,Major,Paul,1
660,661,US,Night,Urban,Critical,John,0
661,662,US,Night,Highway,Major,George,1
662,663,Italy,Night,Urban,Medium,Paul,2
663,664,US,Night,Country,Major,John,1
664,665,US,Day,Country,Major,Ringo,1
665,666,UK,Dusk,Highway,Major,Ringo,1
666,667,Italy,Day,Urban,Medium,Ringo,2
667,668,UK,Night,Country,Major,Paul,1
668,669,France,Day,Urban,Critical,John,0
669,670,Italy,Night,Urban,Critical,George,0
670,671,France,Day,Urban,Critical,John,0
671,672,UK,Dusk,Country,Minor,John,3
672,673,Germany,Night,Urban,Medium,George,2
673,674,Sweden,Night,Urban,Medium,Paul,2
674,675,Italy,Night,Highway,Major,John,1
675,676,Sweden,Day,Highway,Minor,George,3
676,677,Italy,Night,Urban,Critical,George,0
677,678,US,Day,Country,Medium,Ringo,2
678,679,France,Night,Highway,Medium,Paul,2
679,680,Germany,Day,Highway,Minor,George,3
680,681,Italy,Day,Country,Medium,John,2
681,682,UK,Night,Urban,Critical,Ringo,0
682,683,Germany,Day,Highway,Major,Paul,1
683,684,France,Night,Highway,Major,George,1
684,685,Germany,Night,Country,Major,Paul,1
685,686,US,Day,Highway,Minor,George,3
686,687,US,Night,Highway,Major,George,1
687,688,Sweden,Night,Highway,Major,Paul,1
688,689,France,Dusk,Urban,Minor,Paul,3
689,690,France,Day,Urban,Minor,Paul,3
690,691,US,Night,Urban,Critical,George,0
691,692,Sweden,Night,Urban,Critical,George,0
692,693,France,Night,Country,Major,Paul,1
693,694,Germany,Night,Country,Critical,Ringo,0
694,695,UK,Night,Urban,Critical,John,0
695,696,Italy,Day,Highway,Medium,Paul,2
696,697,France,Dusk,Highway,Critical,John,0
697,698,France,Night,Highway,Major,John,1
698,699,Sweden,Day,Urban,Medium,Ringo,2
699,700,Sweden,Night,Urban,Medium,Ringo,2
700,701,US,Night,Highway,Minor,John,3
701,702,Italy,Night,Highway,Major,George,1
702,703,US,Night,Highway,Minor,Paul,3
703,704,UK,Night,Highway,Major,Paul,1
704,705,France,Day,Urban,Critical,Ringo,0
705,706,Italy,Day,Urban,Critical,John,0
706,707,US,Night,Highway,Major,Paul,1
707,708,UK,Day,Urban,Medium,Paul,2
708,709,US,Night,Country,Medium,John,2
709,710,Sweden,Night,Country,Major,George,1
710,711,Germany,Day,Urban,Critical,George,0
711,712,Sweden,Night,Country,Critical,Ringo,0
712,713,Sweden,Day,Country,Major,John,1
713,714,Italy,Day,Urban,Critical,George,0
714,715,Italy,Day,Urban,Critical,Ringo,0
715,716,Germany,Dusk,Country,Critical,Paul,0
716,717,UK,Dusk,Highway,Minor,Paul,3
717,718,France,Dusk,Country,Minor,Paul,3
718,719,Germany,Day,Country,Major,Ringo,1
719,720,Italy,Day,Urban,Critical,John,0
720,721,US,Night,Urban,Medium,George,2
721,722,Germany,Day,Urban,Critical,John,0
722,723,Italy,Night,Highway,Major,George,1
723,724,Italy,Day,Urban,Critical,Paul,0
724,725,Italy,Day,Highway,Major,John,1
725,726,UK,Dusk,Highway,Critical,John,0
726,727,Germany,Night,Urban,Critical,George,0
727,728,UK,Night,Urban,Critical,George,0
728,729,Germany,Night,Urban,Medium,Paul,2
729,730,France,Day,Country,Medium,Ringo,2
730,731,UK,Night,Country,Major,Ringo,1
731,732,Germany,Night,Country,Medium,George,2
732,733,Germany,Night,Country,Medium,Ringo,2
733,734,Sweden,Night,Urban,Medium,George,2
734,735,UK,Night,Country,Major,George,1
735,736,France,Day,Highway,Minor,Paul,3
736,737,Sweden,Day,Urban,Critical,George,0
737,738,US,Day,Urban,Critical,John,0
738,739,Germany,Day,Urban,Critical,George,0
739,740,UK,Night,Highway,Medium,John,2
740,741,US,Night,Urban,Critical,Paul,0
741,742,Sweden,Night,Urban,Critical,George,0
742,743,US,Day,Country,Minor,John,3
743,744,Italy,Night,Urban,Medium,Ringo,2
744,745,France,Night,Urban,Critical,George,0
745,746,UK,Dusk,Highway,Critical,John,0
746,747,Germany,Night,Urban,Critical,Paul,0
747,748,Italy,Night,Country,Major,George,1
748,749,UK,Night,Highway,Medium,Ringo,2
749,750,US,Night,Urban,Major,John,1
750,751,US,Night,Urban,Critical,George,0
751,752,US,Dusk,Highway,Major,Ringo,1
752,753,Germany,Night,Urban,Critical,Ringo,0
753,754,UK,Day,Urban,Medium,Ringo,2
754,755,France,Night,Country,Major,John,1
755,756,Sweden,Day,Country,Medium,John,2
756,757,US,Dusk,Highway,Critical,George,0
757,758,US,Night,Urban,Major,Paul,1
758,759,Italy,Day,Urban,Critical,John,0
759,760,Germany,Day,Highway,Major,Paul,1
760,761,Italy,Day,Urban,Critical,Ringo,0
761,762,Germany,Dusk,Urban,Critical,Paul,0
762,763,Sweden,Day,Urban,Medium,Ringo,2
763,764,Italy,Day,Highway,Major,John,1
764,765,UK,Day,Urban,Major,John,1
765,766,Sweden,Night,Country,Critical,Ringo,0
766,767,Italy,Day,Country,Medium,Ringo,2
767,768,Sweden,Night,Urban,Major,Paul,1
768,769,Germany,Day,Highway,Major,Paul,1
769,770,Germany,Night,Highway,Major,George,1
770,771,Italy,Night,Urban,Major,George,1
771,772,Italy,Night,Urban,Medium,John,2
772,773,Sweden,Day,Country,Major,Paul,1
773,774,Sweden,Day,Urban,Critical,Ringo,0
774,775,France,Night,Highway,Minor,Paul,3
775,776,France,Day,Country,Medium,Ringo,2
776,777,Sweden,Day,Highway,Medium,John,2
777,778,Italy,Day,Country,Major,Ringo,1
778,779,Germany,Day,Highway,Minor,John,3
779,780,France,Night,Country,Minor,John,3
780,781,US,Night,Urban,Medium,Ringo,2
781,782,Germany,Dusk,Country,Critical,George,0
782,783,France,Day,Urban,Critical,John,0
783,784,UK,Night,Country,Major,Paul,1
784,785,US,Day,Country,Medium,Ringo,2
785,786,Sweden,Day,Urban,Medium,John,2
786,787,Sweden,Night,Highway,Major,George,1
787,788,France,Dusk,Urban,Critical,John,0
788,789,France,Day,Urban,Medium,Ringo,2
789,790,France,Day,Highway,Medium,John,2
790,791,UK,Day,Country,Major,Ringo,1
791,792,Italy,Dusk,Country,Major,Ringo,1
792,793,Germany,Day,Highway,Minor,Paul,3
793,794,France,Night,Urban,Medium,John,2
794,795,France,Day,Urban,Medium,John,2
795,796,Germany,Day,Urban,Medium,Ringo,2
796,797,US,Day,Country,Major,John,1
797,798,US,Night,Highway,Major,Paul,1
798,799,US,Day,Country,Medium,Ringo,2
799,800,Italy,Night,Urban,Major,John,1
800,801,Italy,Day,Urban,Medium,Ringo,2
801,802,France,Night,Highway,Major,John,1
802,803,US,Dusk,Country,Critical,George,0
803,804,UK,Night,Urban,Medium,George,2
804,805,Italy,Day,Urban,Critical,Ringo,0
805,806,Germany,Day,Urban,Medium,Ringo,2
806,807,Sweden,Night,Highway,Minor,John,3
807,808,France,Day,Urban,Medium,Paul,2
808,809,Sweden,Night,Urban,Medium,George,2
809,810,UK,Night,Highway,Medium,John,2
810,811,France,Night,Highway,Minor,John,3
811,812,US,Day,Urban,Medium,George,2
812,813,Sweden,Day,Urban,Medium,Ringo,2
813,814,Germany,Night,Country,Major,George,1
814,815,Sweden,Night,Urban,Medium,George,2
815,816,Sweden,Night,Highway,Major,George,1
816,817,France,Night,Highway,Major,John,1
817,818,Germany,Day,Highway,Medium,George,2
818,819,France,Dusk,Urban,Minor,Paul,3
819,820,Sweden,Night,Country,Major,George,1
820,821,Germany,Day,Highway,Medium,George,2
821,822,Italy,Day,Urban,Medium,George,2
822,823,Germany,Day,Urban,Critical,Ringo,0
823,824,Sweden,Day,Urban,Medium,Paul,2
824,825,France,Day,Highway,Major,Paul,1
825,826,Germany,Night,Highway,Minor,George,3
826,827,UK,Day,Urban,Medium,John,2
827,828,Italy,Night,Country,Critical,Ringo,0
828,829,France,Night,Country,Major,George,1
829,830,Italy,Night,Country,Medium,Ringo,2
830,831,Italy,Night,Urban,Major,John,1
831,832,US,Night,Country,Major,John,1
832,833,Germany,Night,Urban,Major,Ringo,1
833,834,UK,Day,Urban,Medium,Paul,2
834,835,Germany,Dusk,Urban,Minor,George,3
835,836,France,Day,Country,Critical,Ringo,0
836,837,US,Day,Urban,Medium,Ringo,2
837,838,Germany,Day,Urban,Medium,Paul,2
838,839,Italy,Night,Country,Medium,Paul,2
839,840,Italy,Day,Urban,Critical,John,0
840,841,Germany,Night,Urban,Medium,John,2
841,842,Italy,Night,Urban,Critical,Paul,0
842,843,Germany,Night,Country,Medium,George,2
843,844,Sweden,Day,Urban,Medium,Paul,2
844,845,France,Day,Urban,Major,John,1
845,846,US,Day,Highway,Critical,Ringo,0
846,847,Italy,Night,Urban,Critical,John,0
847,848,Germany,Dusk,Urban,Critical,Paul,0
848,849,Sweden,Dusk,Country,Critical,Paul,0
849,850,US,Night,Urban,Critical,Ringo,0
850,851,Italy,Night,Urban,Medium,John,2
851,852,Sweden,Night,Urban,Medium,George,2
852,853,Germany,Night,Country,Medium,Ringo,2
853,854,France,Day,Urban,Medium,Paul,2
854,855,UK,Night,Urban,Medium,Paul,2
855,856,UK,Dusk,Highway,Critical,Paul,0
856,857,Sweden,Day,Urban,Medium,Paul,2
857,858,US,Night,Country,Minor,John,3
858,859,France,Day,Urban,Medium,George,2
859,860,US,Day,Urban,Medium,John,2
860,861,Italy,Night,Country,Medium,John,2
861,862,Sweden,Day,Urban,Medium,Ringo,2
862,863,UK,Day,Urban,Medium,John,2
863,864,Italy,Night,Highway,Major,John,1
864,865,Germany,Day,Urban,Medium,George,2
865,866,US,Day,Country,Medium,George,2
866,867,US,Day,Urban,Medium,Ringo,2
867,868,Sweden,Day,Country,Major,Paul,1
868,869,US,Night,Highway,Medium,John,2
869,870,France,Night,Highway,Major,Paul,1
870,871,Germany,Dusk,Highway,Critical,George,0
871,872,UK,Dusk,Urban,Minor,George,3
872,873,Germany,Night,Country,Major,Ringo,1
873,874,France,Day,Country,Major,Ringo,1
874,875,France,Night,Urban,Major,Paul,1
875,876,Italy,Night,Urban,Major,George,1
876,877,Italy,Day,Highway,Major,Paul,1
877,878,UK,Night,Urban,Medium,Ringo,2
878,879,UK,Dusk,Urban,Minor,George,3
879,880,France,Day,Highway,Critical,Ringo,0
880,881,Italy,Day,Urban,Critical,Paul,0
881,882,Italy,Day,Highway,Major,John,1
882,883,Sweden,Day,Highway,Medium,Ringo,2
883,884,France,Day,Country,Medium,George,2
884,885,Italy,Day,Urban,Major,George,1
885,886,Italy,Night,Country,Medium,Ringo,2
886,887,US,Night,Highway,Major,George,1
887,888,Germany,Night,Country,Major,Paul,1
888,889,US,Day,Country,Critical,Ringo,0
889,890,France,Day,Urban,Major,John,1
890,891,Germany,Dusk,Country,Minor,George,3
891,892,France,Dusk,Country,Critical,John,0
892,893,Germany,Dusk,Country,Minor,George,3
893,894,France,Day,Highway,Medium,Paul,2
894,895,US,Day,Country,Minor,John,3
895,896,Germany,Day,Urban,Medium,Ringo,2
896,897,Italy,Night,Highway,Medium,Ringo,2
897,898,US,Dusk,Urban,Minor,John,3
898,899,Sweden,Dusk,Country,Critical,Paul,0
899,900,Germany,Night,Urban,Medium,Paul,2
900,901,Sweden,Day,Urban,Medium,John,2
901,902,UK,Day,Country,Medium,Ringo,2
902,903,Italy,Night,Urban,Critical,Ringo,0
903,904,France,Night,Country,Major,George,1
904,905,UK,Night,Urban,Major,George,1
905,906,US,Night,Highway,Medium,Ringo,2
906,907,Italy,Night,Highway,Medium,Paul,2
907,908,Germany,Night,Highway,Minor,John,3
908,909,Sweden,Night,Highway,Medium,Ringo,2
909,910,Germany,Dusk,Highway,Minor,George,3
910,911,Sweden,Day,Highway,Minor,John,3
911,912,Sweden,Dusk,Urban,Critical,John,0
912,913,US,Day,Country,Minor,John,3
913,914,US,Day,Urban,Medium,Paul,2
914,915,Germany,Day,Urban,Medium,Ringo,2
915,916,Italy,Day,Highway,Critical,Ringo,0
916,917,UK,Day,Urban,Medium,George,2
917,918,UK,Dusk,Highway,Minor,Paul,3
918,919,Germany,Night,Urban,Major,George,1
919,920,UK,Night,Highway,Minor,George,3
920,921,Germany,Night,Country,Medium,John,2
921,922,US,Night,Country,Medium,George,2
922,923,Sweden,Night,Highway,Critical,Ringo,0
923,924,Germany,Night,Urban,Major,Ringo,1
924,925,Italy,Day,Highway,Major,John,1
925,926,Sweden,Night,Urban,Medium,Paul,2
926,927,France,Day,Urban,Medium,Ringo,2
927,928,US,Night,Country,Minor,Paul,3
928,929,US,Day,Urban,Medium,John,2
929,930,Sweden,Day,Urban,Medium,Paul,2
930,931,Germany,Dusk,Urban,Critical,George,0
931,932,Germany,Dusk,Highway,Critical,John,0
932,933,US,Day,Urban,Medium,John,2
933,934,UK,Day,Urban,Medium,John,2
934,935,France,Day,Urban,Medium,George,2
935,936,UK,Day,Urban,Medium,Ringo,2
936,937,Italy,Night,Urban,Critical,Paul,0
937,938,Italy,Night,Country,Major,George,1
938,939,France,Night,Urban,Medium,Ringo,2
939,940,Italy,Night,Urban,Critical,Ringo,0
940,941,Sweden,Day,Urban,Medium,George,2
941,942,Sweden,Day,Urban,Medium,George,2
942,943,France,Day,Urban,Medium,John,2
943,944,Germany,Night,Urban,Major,George,1
944,945,UK,Dusk,Country,Minor,John,3
945,946,France,Day,Highway,Medium,John,2
946,947,Germany,Night,Country,Minor,George,3
947,948,Germany,Day,Highway,Minor,Paul,3
948,949,Italy,Night,Country,Major,Paul,1
949,950,US,Night,Highway,Major,George,1
950,951,France,Day,Urban,Medium,John,2
951,952,France,Night,Country,Major,Ringo,1
952,953,Sweden,Night,Urban,Major,Paul,1
953,954,UK,Night,Urban,Minor,George,3
954,955,UK,Day,Urban,Medium,Ringo,2
955,956,UK,Day,Country,Major,Ringo,1
956,957,Germany,Dusk,Country,Minor,Paul,3
957,958,US,Dusk,Highway,Critical,Paul,0
958,959,UK,Day,Highway,Major,Ringo,1
959,960,Germany,Day,Urban,Medium,John,2
960,961,US,Night,Highway,Medium,George,2
961,962,Italy,Day,Urban,Critical,Ringo,0
962,963,Germany,Day,Country,Major,Paul,1
963,964,Italy,Night,Urban,Critical,Paul,0
964,965,Italy,Night,Urban,Major,John,1
965,966,Italy,Night,Urban,Critical,Paul,0
966,967,France,Day,Urban,Major,George,1
967,968,Germany,Day,Country,Medium,Ringo,2
968,969,Sweden,Day,Urban,Medium,Paul,2
969,970,Sweden,Night,Urban,Medium,John,2
970,971,UK,Day,Urban,Critical,Ringo,0
971,972,Italy,Day,Urban,Critical,Ringo,0
972,973,Sweden,Night,Country,Major,Ringo,1
973,974,UK,Day,Highway,Major,John,1
974,975,US,Dusk,Country,Critical,Ringo,0
975,976,Sweden,Night,Urban,Medium,Ringo,2
976,977,Italy,Day,Country,Medium,John,2
977,978,UK,Night,Urban,Major,George,1
978,979,Germany,Night,Urban,Medium,Ringo,2
979,980,Germany,Night,Urban,Medium,Ringo,2
980,981,France,Night,Country,Medium,Ringo,2
981,982,Germany,Day,Urban,Minor,John,3
982,983,US,Night,Highway,Major,George,1
983,984,Italy,Day,Urban,Major,John,1
984,985,Italy,Day,Urban,Critical,George,0
985,986,Sweden,Day,Urban,Medium,George,2
986,987,France,Night,Country,Major,Paul,1
987,988,France,Night,Country,Minor,John,3
988,989,Germany,Night,Highway,Critical,Ringo,0
989,990,Italy,Day,Urban,Critical,George,0
990,991,UK,Dusk,Urban,Critical,John,0
991,992,US,Night,Urban,Major,Ringo,1
992,993,Italy,Day,Urban,Critical,Ringo,0
993,994,Germany,Day,Highway,Minor,George,3
994,995,UK,Night,Urban,Major,Paul,1
995,996,US,Day,Urban,Medium,George,2
996,997,Sweden,Dusk,Urban,Minor,Paul,3
997,998,UK,Day,Urban,Medium,Paul,2
998,999,UK,Night,Highway,Medium,Paul,2
999,1000,France,Day,Urban,Minor,Paul,3
1000,1001,Sweden,Day,Urban,Medium,John,2
1001,1002,UK,Dusk,Country,Critical,Paul,0
1002,1003,Italy,Night,Urban,Major,Ringo,1
1003,1004,US,Night,Urban,Major,Ringo,1
1004,1005,US,Night,Urban,Critical,Ringo,0
1005,1006,Italy,Night,Country,Medium,George,2
1006,1007,US,Night,Country,Critical,Ringo,0
1007,1008,Italy,Day,Urban,Critical,Ringo,0
1008,1009,Italy,Night,Urban,Critical,Ringo,0
1009,1010,Germany,Day,Highway,Major,John,1
1010,1011,Germany,Day,Highway,Medium,George,2
1011,1012,Sweden,Day,Urban,Medium,Ringo,2
1012,1013,Italy,Day,Urban,Critical,Ringo,0
1013,1014,France,Night,Urban,Medium,John,2
1014,1015,Italy,Night,Country,Major,George,1
1015,1016,France,Day,Country,Medium,Ringo,2
1016,1017,Sweden,Night,Urban,Major,George,1
1017,1018,France,Night,Highway,Medium,Ringo,2
1018,1019,Italy,Night,Urban,Critical,Paul,0
1019,1020,France,Dusk,Highway,Minor,George,3
1020,1021,Italy,Night,Urban,Major,George,1
1021,1022,Germany,Night,Highway,Major,George,1
1022,1023,US,Night,Urban,Minor,Paul,3
1023,1024,Italy,Night,Country,Major,George,1
1024,1025,US,Dusk,Urban,Critical,George,0
1025,1026,Germany,Day,Urban,Minor,Paul,3
1026,1027,Germany,Day,Highway,Medium,John,2
1027,1028,France,Night,Highway,Minor,George,3
1028,1029,Sweden,Night,Urban,Minor,Paul,3
1029,1030,Sweden,Day,Country,Major,Paul,1
1030,1031,France,Day,Urban,Medium,John,2
1031,1032,Sweden,Day,Country,Minor,John,3
1032,1033,US,Day,Urban,Medium,Paul,2
1033,1034,Germany,Dusk,Highway,Critical,Paul,0
1034,1035,Italy,Day,Highway,Major,Ringo,1
1035,1036,France,Night,Highway,Minor,Paul,3
1036,1037,Italy,Night,Country,Major,George,1
1037,1038,Sweden,Dusk,Highway,Critical,Ringo,0
1038,1039,US,Night,Urban,Medium,Ringo,2
1039,1040,UK,Night,Country,Major,John,1
1040,1041,UK,Day,Urban,Medium,George,2
1041,1042,UK,Night,Urban,Medium,Ringo,2
1042,1043,Sweden,Day,Highway,Minor,Paul,3
1043,1044,France,Night,Country,Critical,Ringo,0
1044,1045,France,Night,Urban,Medium,George,2
1045,1046,Germany,Night,Urban,Major,John,1
1046,1047,Sweden,Day,Urban,Medium,John,2
1047,1048,France,Day,Urban,Major,Paul,1
1048,1049,Italy,Day,Urban,Major,George,1
1049,1050,Sweden,Night,Highway,Minor,Paul,3
1050,1051,Sweden,Night,Highway,Medium,Ringo,2
1051,1052,US,Night,Urban,Medium,John,2
1052,1053,US,Night,Country,Major,Ringo,1
1053,1054,France,Night,Urban,Medium,John,2
1054,1055,US,Night,Highway,Major,Paul,1
1055,1056,Sweden,Day,Urban,Medium,George,2
1056,1057,Sweden,Day,Urban,Medium,Ringo,2
1057,1058,France,Day,Urban,Medium,Ringo,2
1058,1059,Italy,Day,Urban,Critical,George,0
1059,1060,France,Day,Country,Major,Paul,1
1060,1061,Italy,Night,Highway,Medium,John,2
1061,1062,Sweden,Day,Highway,Medium,Ringo,2
1062,1063,UK,Dusk,Country,Critical,George,0
1063,1064,US,Night,Urban,Medium,George,2
1064,1065,UK,Night,Urban,Minor,John,3
1065,1066,US,Day,Country,Major,John,1
1066,1067,UK,Day,Urban,Major,George,1
1067,1068,France,Night,Urban,Medium,Paul,2
1068,1069,Italy,Day,Highway,Medium,Ringo,2
1069,1070,Sweden,Night,Country,Major,Paul,1
1070,1071,France,Night,Urban,Medium,John,2
1071,1072,Italy,Day,Highway,Medium,Ringo,2
1072,1073,Germany,Night,Highway,Critical,Ringo,0
1073,1074,France,Day,Highway,Medium,Ringo,2
1074,1075,UK,Night,Urban,Medium,George,2
1075,1076,Italy,Day,Urban,Medium,John,2
1076,1077,UK,Dusk,Country,Critical,John,0
1077,1078,Germany,Dusk,Country,Minor,Paul,3
1078,1079,Sweden,Night,Country,Medium,George,2
1079,1080,Italy,Night,Country,Major,George,1
1080,1081,Sweden,Night,Country,Medium,Ringo,2
1081,1082,US,Day,Highway,Major,Ringo,1
1082,1083,Italy,Day,Urban,Medium,John,2
1083,1084,US,Day,Urban,Minor,John,3
1084,1085,Sweden,Night,Urban,Major,John,1
1085,1086,Sweden,Night,Country,Major,John,1
1086,1087,Sweden,Night,Highway,Minor,George,3
1087,1088,UK,Day,Highway,Major,Paul,1
1088,1089,Sweden,Dusk,Country,Minor,Paul,3
1089,1090,Italy,Night,Country,Major,Paul,1
1090,1091,Sweden,Night,Urban,Medium,George,2
1091,1092,France,Night,Urban,Medium,Paul,2
1092,1093,Germany,Night,Highway,Major,Paul,1
1093,1094,US,Night,Urban,Major,Paul,1
1094,1095,Germany,Day,Urban,Major,George,1
1095,1096,France,Night,Urban,Medium,Paul,2
1096,1097,UK,Day,Urban,Major,Paul,1
1097,1098,Sweden,Night,Country,Major,Paul,1
1098,1099,Italy,Day,Urban,Major,George,1
1099,1100,US,Day,Urban,Medium,John,2
1100,1101,Sweden,Day,Urban,Medium,Paul,2
1101,1102,Sweden,Day,Urban,Medium,George,2
1102,1103,UK,Dusk,Country,Critical,John,0
1103,1104,Sweden,Dusk,Highway,Minor,George,3
1104,1105,France,Day,Highway,Critical,Ringo,0
1105,1106,US,Night,Highway,Medium,Ringo,2
1106,1107,France,Day,Urban,Major,Ringo,1
1107,1108,Italy,Day,Urban,Critical,Paul,0
1108,1109,US,Dusk,Highway,Critical,Paul,0
1109,1110,US,Night,Highway,Major,Ringo,1
1110,1111,UK,Night,Urban,Medium,George,2
1111,1112,UK,Day,Country,Minor,John,3
1112,1113,Germany,Night,Urban,Major,John,1
1113,1114,Germany,Day,Country,Major,George,1
1114,1115,Germany,Night,Highway,Minor,George,3
1115,1116,France,Night,Highway,Major,John,1
1116,1117,Sweden,Day,Country,Major,Ringo,1
1117,1118,Germany,Day,Country,Medium,Paul,2
1118,1119,UK,Night,Country,Medium,John,2
1119,1120,Sweden,Night,Country,Medium,Paul,2
1120,1121,France,Dusk,Urban,Critical,George,0
1121,1122,UK,Night,Highway,Critical,Ringo,0
1122,1123,US,Day,Urban,Major,John,1
1123,1124,UK,Dusk,Urban,Critical,Paul,0
1124,1125,Sweden,Night,Country,Major,John,1
1125,1126,France,Day,Urban,Medium,Ringo,2
1126,1127,Sweden,Night,Urban,Medium,Ringo,2
1127,1128,UK,Night,Urban,Medium,John,2
1128,1129,France,Night,Highway,Critical,Ringo,0
1129,1130,France,Day,Urban,Medium,Paul,2
1130,1131,UK,Night,Highway,Critical,Ringo,0
1131,1132,US,Day,Urban,Medium,George,2
1132,1133,US,Dusk,Country,Minor,George,3
1133,1134,Germany,Day,Highway,Minor,Paul,3
1134,1135,Italy,Night,Urban,Medium,Ringo,2
1135,1136,US,Night,Urban,Minor,Paul,3
1136,1137,France,Day,Urban,Major,Ringo,1
1137,1138,UK,Night,Country,Major,George,1
1138,1139,Sweden,Day,Urban,Minor,Paul,3
1139,1140,Germany,Night,Highway,Minor,Paul,3
1140,1141,Germany,Night,Urban,Medium,George,2
1141,1142,UK,Night,Urban,Major,John,1
1142,1143,Sweden,Day,Country,Minor,John,3
1143,1144,France,Night,Urban,Medium,George,2
1144,1145,France,Night,Urban,Critical,Ringo,0
1145,1146,US,Night,Country,Critical,Ringo,0
1146,1147,US,Night,Urban,Major,George,1
1147,1148,France,Dusk,Country,Critical,Ringo,0
1148,1149,UK,Dusk,Urban,Critical,John,0
1149,1150,France,Day,Urban,Major,John,1
1150,1151,UK,Day,Urban,Medium,Paul,2
1151,1152,Sweden,Day,Country,Medium,Paul,2
1152,1153,US,Night,Urban,Medium,George,2
1153,1154,France,Night,Country,Medium,John,2
1154,1155,US,Night,Urban,Minor,John,3
1155,1156,UK,Day,Urban,Major,George,1
1156,1157,Germany,Night,Country,Minor,Paul,3
1157,1158,Sweden,Day,Highway,Major,Ringo,1
1158,1159,Italy,Day,Urban,Critical,George,0
1159,1160,US,Dusk,Urban,Critical,George,0
1160,1161,Germany,Night,Highway,Minor,John,3
1161,1162,France,Night,Urban,Medium,Paul,2
1162,1163,US,Day,Country,Major,Paul,1
1163,1164,US,Day,Highway,Medium,Ringo,2
1164,1165,France,Dusk,Urban,Critical,Ringo,0
1165,1166,UK,Day,Highway,Medium,Ringo,2
1166,1167,Italy,Night,Highway,Medium,George,2
1167,1168,Italy,Night,Highway,Major,George,1
1168,1169,UK,Night,Urban,Critical,Ringo,0
1169,1170,US,Day,Urban,Medium,Paul,2
1170,1171,US,Night,Country,Medium,Ringo,2
1171,1172,UK,Day,Urban,Medium,Paul,2
1172,1173,UK,Night,Urban,Minor,John,3
1173,1174,Italy,Day,Country,Major,George,1
1174,1175,Germany,Day,Urban,Medium,John,2
1175,1176,Italy,Day,Urban,Critical,John,0
1176,1177,Germany,Night,Country,Medium,Paul,2
1177,1178,Germany,Day,Urban,Medium,George,2
1178,1179,UK,Night,Country,Medium,John,2
1179,1180,US,Night,Country,Minor,Paul,3
1180,1181,Sweden,Day,Urban,Medium,Paul,2
1181,1182,UK,Night,Country,Medium,Paul,2
1182,1183,Germany,Night,Urban,Medium,Ringo,2
1183,1184,France,Day,Urban,Medium,Paul,2
1184,1185,US,Day,Highway,Minor,John,3
1185,1186,France,Dusk,Urban,Critical,George,0
1186,1187,Germany,Night,Highway,Critical,Ringo,0
1187,1188,Italy,Day,Urban,Major,Paul,1
1188,1189,Germany,Night,Urban,Minor,John,3
1189,1190,France,Night,Highway,Medium,Ringo,2
1190,1191,US,Day,Urban,Medium,John,2
1191,1192,Sweden,Dusk,Urban,Minor,George,3
1192,1193,Germany,Day,Highway,Medium,Ringo,2
1193,1194,Sweden,Night,Highway,Major,George,1
1194,1195,Sweden,Dusk,Highway,Minor,John,3
1195,1196,France,Day,Highway,Medium,Ringo,2
1196,1197,Germany,Day,Highway,Major,Ringo,1
1197,1198,US,Dusk,Highway,Minor,Paul,3
1198,1199,France,Day,Urban,Medium,Ringo,2
1199,1200,Sweden,Night,Urban,Critical,Ringo,0
1200,1201,Germany,Night,Country,Medium,Paul,2
1201,1202,Germany,Day,Urban,Medium,John,2
1202,1203,UK,Day,Urban,Medium,Ringo,2
1203,1204,US,Dusk,Highway,Minor,John,3
1204,1205,Sweden,Night,Country,Minor,John,3
1205,1206,France,Night,Urban,Medium,John,2
1206,1207,Sweden,Night,Highway,Minor,George,3
1207,1208,Sweden,Day,Urban,Medium,Ringo,2
1208,1209,UK,Day,Highway,Medium,John,2
1209,1210,Italy,Day,Highway,Medium,John,2
1210,1211,Germany,Day,Country,Major,George,1
1211,1212,US,Night,Highway,Major,Paul,1
1212,1213,Italy,Day,Highway,Major,Ringo,1
1213,1214,UK,Dusk,Country,Minor,John,3
1214,1215,UK,Dusk,Country,Minor,Paul,3
1215,1216,Italy,Night,Urban,Major,George,1
1216,1217,Germany,Night,Highway,Major,Paul,1
1217,1218,UK,Day,Urban,Medium,Ringo,2
1218,1219,Sweden,Night,Highway,Medium,Ringo,2
1219,1220,UK,Dusk,Urban,Minor,George,3
1220,1221,Italy,Night,Highway,Major,George,1
1221,1222,Italy,Night,Country,Major,John,1
1222,1223,Sweden,Dusk,Country,Critical,John,0
1223,1224,Germany,Night,Highway,Major,George,1
1224,1225,US,Day,Highway,Medium,Paul,2
1225,1226,US,Day,Urban,Major,Ringo,1
1226,1227,UK,Night,Country,Major,George,1
1227,1228,US,Day,Urban,Major,Ringo,1
1228,1229,US,Day,Highway,Medium,Ringo,2
1229,1230,UK,Night,Country,Critical,Ringo,0
1230,1231,Germany,Day,Urban,Medium,Paul,2
1231,1232,UK,Night,Highway,Major,George,1
1232,1233,Italy,Night,Country,Major,Paul,1
1233,1234,Germany,Day,Highway,Medium,Ringo,2
1234,1235,Sweden,Night,Highway,Major,George,1
1235,1236,Sweden,Night,Highway,Medium,Paul,2
1236,1237,Italy,Night,Urban,Critical,Paul,0
1237,1238,Italy,Day,Urban,Major,Paul,1
1238,1239,Sweden,Dusk,Urban,Critical,George,0
1239,1240,Italy,Day,Country,Major,Ringo,1
1240,1241,Sweden,Dusk,Country,Critical,Ringo,0
1241,1242,France,Day,Highway,Medium,John,2
1242,1243,Italy,Night,Highway,Critical,Ringo,0
1243,1244,Sweden,Day,Country,Medium,Ringo,2
1244,1245,US,Dusk,Country,Minor,Paul,3
1245,1246,Sweden,Dusk,Country,Minor,Paul,3
1246,1247,Italy,Dusk,Urban,Critical,George,0
1247,1248,France,Night,Urban,Medium,George,2
1248,1249,US,Night,Highway,Medium,Ringo,2
1249,1250,US,Night,Highway,Medium,John,2
1250,1251,Sweden,Night,Urban,Minor,George,3
1251,1252,US,Day,Country,Major,Paul,1
1252,1253,Sweden,Day,Urban,Medium,John,2
1253,1254,Sweden,Night,Urban,Medium,Ringo,2
1254,1255,Italy,Day,Highway,Medium,Ringo,2
1255,1256,US,Day,Urban,Medium,Paul,2
1256,1257,UK,Night,Urban,Medium,Paul,2
1257,1258,France,Day,Highway,Major,John,1
1258,1259,France,Day,Country,Medium,Ringo,2
1259,1260,Germany,Dusk,Urban,Critical,John,0
1260,1261,Sweden,Dusk,Highway,Minor,John,3
1261,1262,Germany,Day,Urban,Major,Paul,1
1262,1263,Germany,Night,Country,Medium,John,2
1263,1264,UK,Day,Highway,Minor,John,3
1264,1265,Italy,Night,Highway,Major,George,1
1265,1266,US,Dusk,Country,Minor,Paul,3
1266,1267,Italy,Night,Highway,Critical,Ringo,0
1267,1268,France,Day,Urban,Major,George,1
1268,1269,Italy,Night,Highway,Major,Paul,1
1269,1270,UK,Dusk,Highway,Minor,George,3
1270,1271,Germany,Day,Country,Medium,Ringo,2
1271,1272,US,Night,Urban,Medium,Paul,2
1272,1273,US,Dusk,Urban,Critical,Paul,0
1273,1274,Italy,Night,Country,Critical,George,0
1274,1275,Germany,Night,Urban,Medium,Paul,2
1275,1276,Germany,Night,Country,Medium,George,2
1276,1277,Germany,Day,Urban,Medium,George,2
1277,1278,Sweden,Day,Highway,Medium,Paul,2
1278,1279,Italy,Night,Highway,Major,Ringo,1
1279,1280,France,Day,Country,Medium,Ringo,2
1280,1281,Sweden,Dusk,Urban,Critical,Paul,0
1281,1282,UK,Day,Highway,Major,George,1
1282,1283,Sweden,Night,Urban,Minor,George,3
1283,1284,UK,Day,Country,Critical,Ringo,0
1284,1285,UK,Night,Urban,Medium,Ringo,2
1285,1286,France,Night,Highway,Minor,Paul,3
1286,1287,France,Dusk,Country,Critical,George,0
1287,1288,Italy,Night,Urban,Major,George,1
1288,1289,Germany,Night,Highway,Critical,Ringo,0
1289,1290,Italy,Day,Urban,Major,George,1
1290,1291,Germany,Night,Urban,Medium,Paul,2
1291,1292,Sweden,Day,Country,Critical,Ringo,0
1292,1293,France,Night,Urban,Major,Paul,1
1293,1294,UK,Night,Country,Medium,Ringo,2
1294,1295,US,Day,Country,Major,John,1
1295,1296,France,Day,Urban,Medium,Ringo,2
1296,1297,Sweden,Night,Country,Medium,John,2
1297,1298,France,Day,Country,Major,Ringo,1
1298,1299,US,Day,Highway,Minor,John,3
1299,1300,Germany,Day,Highway,Medium,George,2
1300,1301,Sweden,Day,Highway,Medium,John,2
1301,1302,Germany,Dusk,Highway,Minor,George,3
1302,1303,Sweden,Night,Urban,Medium,Paul,2
1303,1304,Germany,Dusk,Country,Critical,Ringo,0
1304,1305,Germany,Dusk,Urban,Minor,George,3
1305,1306,Sweden,Night,Highway,Critical,Ringo,0
1306,1307,US,Day,Highway,Major,Ringo,1
1307,1308,France,Day,Urban,Medium,Ringo,2
1308,1309,Sweden,Day,Highway,Medium,John,2
1309,1310,UK,Night,Highway,Major,George,1
1310,1311,Italy,Day,Country,Major,John,1
1311,1312,Sweden,Day,Highway,Major,Paul,1
1312,1313,Sweden,Dusk,Highway,Critical,Paul,0
1313,1314,Germany,Night,Country,Major,John,1
1314,1315,Germany,Night,Urban,Major,George,1
1315,1316,Sweden,Night,Urban,Major,John,1
1316,1317,US,Day,Urban,Medium,Ringo,2
1317,1318,Italy,Day,Highway,Critical,John,0
1318,1319,US,Day,Highway,Medium,Paul,2
1319,1320,UK,Night,Urban,Critical,Ringo,0
1320,1321,Sweden,Night,Highway,Critical,Ringo,0
1321,1322,Germany,Day,Country,Major,George,1
1322,1323,Italy,Day,Country,Major,John,1
1323,1324,UK,Night,Country,Medium,George,2
1324,1325,Sweden,Night,Highway,Major,George,1
1325,1326,France,Night,Urban,Medium,John,2
1326,1327,Sweden,Day,Country,Major,John,1
1327,1328,Germany,Day,Country,Minor,Paul,3
1328,1329,France,Day,Country,Major,Paul,1
1329,1330,Sweden,Day,Highway,Medium,Paul,2
1330,1331,Sweden,Day,Highway,Minor,Paul,3
1331,1332,Italy,Day,Highway,Major,Ringo,1
1332,1333,France,Night,Country,Medium,Ringo,2
1333,1334,Italy,Day,Urban,Major,George,1
1334,1335,Italy,Day,Country,Critical,Ringo,0
1335,1336,US,Day,Highway,Major,Paul,1
1336,1337,US,Dusk,Highway,Critical,John,0
1337,1338,Italy,Night,Country,Critical,Ringo,0
1338,1339,US,Night,Highway,Major,George,1
1339,1340,Italy,Night,Country,Critical,Paul,0
1340,1341,UK,Day,Highway,Critical,Ringo,0
1341,1342,UK,Night,Urban,Medium,John,2
1342,1343,France,Day,Urban,Major,John,1
1343,1344,US,Night,Highway,Medium,John,2
1344,1345,France,Day,Highway,Major,Ringo,1
1345,1346,Italy,Day,Highway,Major,George,1
1346,1347,Italy,Night,Urban,Medium,Paul,2
1347,1348,Sweden,Night,Country,Minor,George,3
1348,1349,US,Dusk,Country,Critical,John,0
1349,1350,Italy,Day,Country,Critical,Ringo,0
1350,1351,Germany,Day,Urban,Minor,John,3
1351,1352,Germany,Night,Urban,Medium,John,2
1352,1353,US,Day,Country,Medium,George,2
1353,1354,UK,Night,Highway,Major,George,1
1354,1355,US,Dusk,Highway,Minor,Paul,3
1355,1356,France,Night,Urban,Medium,Ringo,2
1356,1357,UK,Night,Highway,Major,Ringo,1
1357,1358,UK,Day,Country,Medium,Paul,2
1358,1359,US,Night,Highway,Medium,George,2
1359,1360,France,Day,Country,Medium,Paul,2
1360,1361,Italy,Night,Country,Critical,Ringo,0
1361,1362,Sweden,Night,Country,Minor,Paul,3
1362,1363,Italy,Night,Country,Major,Paul,1
1363,1364,Germany,Dusk,Country,Critical,John,0
1364,1365,France,Day,Country,Medium,Ringo,2
1365,1366,Germany,Night,Highway,Medium,Ringo,2
1366,1367,Germany,Day,Country,Major,Ringo,1
1367,1368,US,Dusk,Highway,Critical,Paul,0
1368,1369,France,Night,Highway,Major,George,1
1369,1370,UK,Day,Highway,Medium,George,2
1370,1371,UK,Dusk,Highway,Critical,Paul,0
1371,1372,Sweden,Day,Highway,Medium,Ringo,2
1372,1373,France,Day,Urban,Major,John,1
1373,1374,UK,Dusk,Highway,Minor,George,3
1374,1375,US,Day,Urban,Critical,Ringo,0
1375,1376,Italy,Day,Country,Critical,Ringo,0
1376,1377,Sweden,Night,Highway,Critical,Ringo,0
1377,1378,France,Day,Urban,Major,Ringo,1
1378,1379,Italy,Night,Highway,Major,Paul,1
1379,1380,France,Night,Country,Medium,Ringo,2
1380,1381,Italy,Day,Country,Medium,George,2
1381,1382,Germany,Day,Highway,Medium,Ringo,2
1382,1383,Germany,Day,Urban,Major,George,1
1383,1384,France,Night,Highway,Major,John,1
1384,1385,Italy,Day,Country,Critical,Ringo,0
1385,1386,Sweden,Day,Urban,Medium,Ringo,2
1386,1387,Germany,Day,Highway,Major,George,1
1387,1388,US,Day,Highway,Minor,Paul,3
1388,1389,Germany,Dusk,Country,Minor,John,3
1389,1390,Italy,Day,Highway,Medium,George,2
1390,1391,Germany,Night,Urban,Medium,Ringo,2
1391,1392,Sweden,Day,Urban,Critical,Ringo,0
1392,1393,Italy,Day,Country,Major,Ringo,1
1393,1394,Germany,Day,Highway,Medium,Paul,2
1394,1395,US,Night,Highway,Major,John,1
1395,1396,UK,Day,Country,Medium,Ringo,2
1396,1397,UK,Night,Urban,Critical,Ringo,0
1397,1398,Italy,Dusk,Urban,Critical,Ringo,0
1398,1399,Germany,Night,Highway,Major,Paul,1
1399,1400,Germany,Day,Urban,Minor,John,3
1400,1401,Germany,Day,Urban,Major,George,1
1401,1402,US,Day,Urban,Medium,Paul,2
1402,1403,Sweden,Dusk,Urban,Minor,George,3
1403,1404,UK,Day,Urban,Medium,Ringo,2
1404,1405,US,Day,Country,Medium,Ringo,2
1405,1406,US,Night,Highway,Major,John,1
1406,1407,UK,Night,Urban,Medium,Paul,2
1407,1408,Italy,Day,Urban,Major,Ringo,1
1408,1409,Germany,Day,Country,Medium,Ringo,2
1409,1410,US,Night,Urban,Minor,John,3
1410,1411,France,Night,Highway,Medium,John,2
1411,1412,France,Night,Urban,Medium,Paul,2
1412,1413,UK,Day,Highway,Medium,Ringo,2
1413,1414,US,Dusk,Highway,Critical,George,0
1414,1415,UK,Night,Highway,Medium,Paul,2
1415,1416,UK,Day,Urban,Medium,John,2
1416,1417,UK,Night,Country,Minor,John,3
1417,1418,France,Night,Highway,Medium,Paul,2
1418,1419,UK,Day,Country,Minor,George,3
1419,1420,US,Night,Urban,Major,George,1
1420,1421,Sweden,Day,Highway,Medium,Ringo,2
1421,1422,Germany,Day,Highway,Major,Paul,1
1422,1423,UK,Dusk,Urban,Critical,John,0
1423,1424,Sweden,Day,Highway,Medium,George,2
1424,1425,Italy,Day,Urban,Major,Paul,1
1425,1426,France,Dusk,Urban,Minor,John,3
1426,1427,France,Day,Urban,Major,Paul,1
1427,1428,Germany,Night,Country,Major,Paul,1
1428,1429,Germany,Night,Highway,Minor,Paul,3
1429,1430,Germany,Night,Highway,Minor,George,3
1430,1431,Germany,Dusk,Highway,Minor,George,3
1431,1432,UK,Dusk,Country,Critical,John,0
1432,1433,Sweden,Day,Highway,Medium,Ringo,2
1433,1434,France,Night,Highway,Medium,George,2
1434,1435,Germany,Day,Country,Medium,John,2
1435,1436,Sweden,Dusk,Country,Minor,George,3
1436,1437,Germany,Dusk,Highway,Minor,John,3
1437,1438,US,Night,Urban,Major,John,1
1438,1439,UK,Day,Urban,Major,Ringo,1
1439,1440,France,Day,Highway,Major,John,1
1440,1441,France,Night,Country,Major,John,1
1441,1442,US,Day,Country,Major,Ringo,1
1442,1443,Germany,Dusk,Highway,Critical,John,0
1443,1444,Germany,Day,Highway,Major,John,1
1444,1445,US,Dusk,Urban,Critical,Paul,0
1445,1446,Italy,Dusk,Highway,Critical,George,0
1446,1447,Germany,Day,Country,Minor,John,3
1447,1448,UK,Night,Urban,Minor,Paul,3
1448,1449,Sweden,Day,Highway,Major,John,1
1449,1450,Sweden,Dusk,Highway,Minor,George,3
1450,1451,US,Night,Urban,Medium,Ringo,2
1451,1452,France,Dusk,Highway,Minor,George,3
1452,1453,France,Night,Urban,Medium,Ringo,2
1453,1454,UK,Night,Urban,Minor,John,3
1454,1455,Sweden,Night,Urban,Major,Paul,1
1455,1456,US,Dusk,Urban,Critical,Paul,0
1456,1457,UK,Day,Country,Medium,George,2
1457,1458,UK,Night,Country,Medium,George,2
1458,1459,UK,Day,Highway,Major,Paul,1
1459,1460,Germany,Day,Country,Minor,Paul,3
1460,1461,US,Day,Urban,Major,Ringo,1
1461,1462,UK,Day,Highway,Medium,Ringo,2
1462,1463,Germany,Day,Country,Major,Ringo,1
1463,1464,Sweden,Day,Country,Medium,George,2
1464,1465,Germany,Day,Country,Medium,John,2
1465,1466,UK,Day,Highway,Minor,Paul,3
1466,1467,UK,Day,Highway,Medium,John,2
1467,1468,US,Day,Country,Major,John,1
1468,1469,US,Night,Country,Critical,Ringo,0
1469,1470,Sweden,Night,Urban,Medium,Paul,2
1470,1471,US,Dusk,Highway,Minor,Paul,3
1471,1472,France,Day,Highway,Major,George,1
1472,1473,France,Day,Highway,Minor,John,3
1473,1474,US,Day,Highway,Medium,John,2
1474,1475,Germany,Night,Highway,Medium,Paul,2
1475,1476,Italy,Day,Country,Critical,John,0
1476,1477,Italy,Night,Urban,Major,George,1
1477,1478,Germany,Dusk,Country,Minor,Paul,3
1478,1479,UK,Day,Country,Major,John,1
1479,1480,Sweden,Day,Highway,Medium,John,2
1480,1481,US,Day,Highway,Medium,Ringo,2
1481,1482,Sweden,Night,Urban,Minor,George,3
1482,1483,Sweden,Night,Highway,Critical,Ringo,0
1483,1484,UK,Day,Country,Medium,Paul,2
1484,1485,France,Day,Country,Major,Ringo,1
1485,1486,UK,Night,Country,Medium,John,2
1486,1487,Sweden,Day,Urban,Minor,John,3
1487,1488,France,Night,Highway,Medium,John,2
1488,1489,Italy,Day,Urban,Major,George,1
1489,1490,Germany,Day,Urban,Medium,John,2
1490,1491,UK,Day,Country,Major,John,1
1491,1492,UK,Night,Highway,Minor,George,3
1492,1493,France,Dusk,Urban,Critical,George,0
1493,1494,Italy,Night,Urban,Major,George,1
1494,1495,US,Night,Highway,Medium,John,2
1495,1496,Italy,Day,Urban,Medium,George,2
1496,1497,Germany,Day,Country,Medium,George,2
1497,1498,Sweden,Day,Country,Medium,Ringo,2
1498,1499,UK,Dusk,Highway,Minor,John,3
1499,1500,UK,Day,Urban,Medium,Ringo,2
1500,1501,Sweden,Dusk,Country,Critical,George,0
1501,1502,France,Night,Country,Medium,Ringo,2
1502,1503,Italy,Day,Urban,Critical,Paul,0
1503,1504,France,Dusk,Highway,Critical,Ringo,0
1504,1505,US,Dusk,Urban,Critical,George,0
1505,1506,US,Night,Highway,Medium,Paul,2
1506,1507,Sweden,Day,Highway,Minor,John,3
1507,1508,US,Night,Highway,Medium,George,2
1508,1509,Sweden,Day,Urban,Medium,George,2
1509,1510,UK,Night,Urban,Medium,John,2
1510,1511,Sweden,Dusk,Country,Critical,John,0
1511,1512,France,Day,Country,Medium,John,2
1512,1513,France,Day,Highway,Medium,Ringo,2
1513,1514,Italy,Night,Country,Major,Ringo,1
1514,1515,UK,Night,Country,Medium,Paul,2
1515,1516,US,Night,Urban,Minor,George,3
1516,1517,France,Dusk,Country,Critical,John,0
1517,1518,UK,Dusk,Country,Critical,George,0
1518,1519,Germany,Day,Highway,Critical,Ringo,0
1519,1520,Italy,Day,Highway,Critical,John,0
1520,1521,Germany,Night,Highway,Critical,Ringo,0
1521,1522,UK,Night,Urban,Medium,Paul,2
1522,1523,US,Dusk,Urban,Minor,Paul,3
1523,1524,France,Day,Highway,Medium,Ringo,2
1524,1525,Germany,Night,Highway,Medium,John,2
1525,1526,UK,Night,Country,Medium,Ringo,2
1526,1527,Germany,Dusk,Urban,Critical,Ringo,0
1527,1528,France,Night,Country,Minor,John,3
1528,1529,Germany,Day,Urban,Major,Ringo,1
1529,1530,Germany,Day,Country,Medium,George,2
1530,1531,US,Dusk,Urban,Minor,John,3
1531,1532,France,Day,Country,Medium,Paul,2
1532,1533,US,Night,Urban,Medium,Ringo,2
1533,1534,UK,Dusk,Country,Minor,John,3
1534,1535,France,Night,Highway,Minor,George,3
1535,1536,Sweden,Day,Highway,Major,George,1
1536,1537,UK,Day,Urban,Major,George,1
1537,1538,Italy,Day,Country,Major,George,1
1538,1539,Germany,Night,Country,Major,George,1
1539,1540,Germany,Night,Urban,Minor,George,3
1540,1541,UK,Day,Highway,Medium,George,2
1541,1542,Italy,Night,Country,Major,Paul,1
1542,1543,Sweden,Day,Highway,Major,John,1
1543,1544,Sweden,Night,Highway,Medium,Ringo,2
1544,1545,US,Night,Urban,Minor,George,3
1545,1546,Italy,Night,Urban,Major,John,1
1546,1547,US,Day,Highway,Medium,George,2
1547,1548,US,Day,Country,Minor,John,3
1548,1549,Germany,Dusk,Country,Minor,John,3
1549,1550,France,Day,Urban,Medium,John,2
1550,1551,UK,Dusk,Urban,Critical,John,0
1551,1552,US,Day,Urban,Critical,Ringo,0
1552,1553,France,Day,Highway,Medium,Ringo,2
1553,1554,Germany,Day,Urban,Major,Paul,1
1554,1555,UK,Day,Country,Major,George,1
1555,1556,France,Day,Highway,Medium,George,2
1556,1557,Italy,Day,Urban,Major,John,1
1557,1558,US,Day,Urban,Critical,Ringo,0
1558,1559,France,Night,Urban,Major,Ringo,1
1559,1560,Sweden,Night,Highway,Major,Ringo,1
1560,1561,US,Day,Highway,Medium,Paul,2
1561,1562,US,Day,Highway,Major,Ringo,1
1562,1563,France,Dusk,Urban,Critical,George,0
1563,1564,Germany,Night,Highway,Major,George,1
1564,1565,Germany,Day,Urban,Medium,Ringo,2
1565,1566,France,Day,Urban,Minor,George,3
1566,1567,US,Day,Urban,Medium,John,2
1567,1568,Italy,Day,Country,Medium,George,2
1568,1569,France,Day,Highway,Medium,George,2
1569,1570,France,Day,Highway,Minor,Paul,3
1570,1571,UK,Night,Urban,Minor,Paul,3
1571,1572,UK,Day,Country,Medium,Paul,2
1572,1573,Italy,Day,Highway,Major,John,1
1573,1574,Italy,Day,Highway,Medium,Ringo,2
1574,1575,Italy,Day,Highway,Major,Paul,1
1575,1576,Italy,Day,Highway,Major,George,1
1576,1577,Sweden,Day,Country,Minor,John,3
1577,1578,Sweden,Day,Urban,Major,Ringo,1
1578,1579,Italy,Night,Highway,Medium,Ringo,2
1579,1580,US,Day,Country,Major,Ringo,1
1580,1581,Sweden,Day,Highway,Major,John,1
1581,1582,US,Dusk,Country,Minor,Paul,3
1582,1583,US,Dusk,Highway,Minor,Paul,3
1583,1584,Sweden,Night,Country,Major,Paul,1
1584,1585,France,Day,Highway,Medium,George,2
1585,1586,Italy,Day,Country,Major,George,1
1586,1587,US,Night,Country,Major,Ringo,1
1587,1588,Sweden,Day,Country,Medium,George,2
1588,1589,France,Day,Urban,Major,George,1
1589,1590,UK,Night,Urban,Medium,George,2
1590,1591,France,Night,Country,Medium,Ringo,2
1591,1592,UK,Night,Country,Minor,Paul,3
1592,1593,UK,Night,Country,Critical,Ringo,0
1593,1594,UK,Day,Urban,Major,Paul,1
1594,1595,UK,Night,Urban,Critical,Ringo,0
1595,1596,US,Day,Highway,Major,John,1
1596,1597,Italy,Day,Country,Critical,John,0
1597,1598,Germany,Night,Urban,Major,Ringo,1
1598,1599,Italy,Day,Country,Major,John,1
1599,1600,Germany,Night,Highway,Major,Paul,1
1600,1601,Sweden,Night,Country,Critical,Ringo,0
1601,1602,UK,Day,Urban,Medium,George,2
1602,1603,UK,Night,Urban,Medium,Ringo,2
1603,1604,UK,Day,Country,Major,George,1
1604,1605,France,Night,Country,Medium,Paul,2
1605,1606,Sweden,Night,Country,Medium,George,2
1606,1607,Germany,Day,Highway,Medium,George,2
1607,1608,France,Night,Highway,Critical,Ringo,0
1608,1609,Sweden,Day,Urban,Medium,George,2
1609,1610,Sweden,Day,Highway,Major,Paul,1
1610,1611,UK,Night,Country,Medium,George,2
1611,1612,France,Day,Country,Medium,George,2
1612,1613,Italy,Night,Country,Medium,Ringo,2
1613,1614,Italy,Day,Highway,Major,Paul,1
1614,1615,Sweden,Day,Highway,Medium,George,2
1615,1616,Germany,Dusk,Highway,Minor,George,3
1616,1617,US,Night,Country,Minor,Paul,3
1617,1618,Germany,Night,Highway,Medium,John,2
1618,1619,France,Day,Highway,Medium,George,2
1619,1620,US,Day,Urban,Major,Ringo,1
1620,1621,Italy,Night,Highway,Medium,John,2
1621,1622,Germany,Dusk,Country,Medium,George,2
1622,1623,Germany,Night,Urban,Medium,Ringo,2
1623,1624,UK,Night,Country,Medium,George,2
1624,1625,France,Night,Highway,Medium,Paul,2
1625,1626,UK,Day,Urban,Medium,Ringo,2
1626,1627,Italy,Day,Urban,Major,Paul,1
1627,1628,UK,Day,Country,Minor,Paul,3
1628,1629,Sweden,Day,Highway,Medium,Ringo,2
1629,1630,US,Night,Country,Medium,Paul,2
1630,1631,US,Night,Urban,Major,George,1
1631,1632,Italy,Day,Country,Critical,Ringo,0
1632,1633,Germany,Day,Urban,Medium,John,2
1633,1634,UK,Day,Country,Medium,George,2
1634,1635,US,Night,Country,Major,John,1
1635,1636,Sweden,Day,Highway,Minor,Paul,3
1636,1637,Italy,Day,Highway,Medium,Paul,2
1637,1638,Italy,Day,Urban,Major,Ringo,1
1638,1639,US,Dusk,Highway,Critical,Ringo,0
1639,1640,UK,Dusk,Country,Minor,Paul,3
1640,1641,UK,Dusk,Highway,Minor,George,3
1641,1642,Sweden,Dusk,Urban,Critical,John,0
1642,1643,UK,Day,Urban,Medium,Paul,2
1643,1644,Sweden,Day,Urban,Medium,Paul,2
1644,1645,UK,Night,Highway,Medium,John,2
1645,1646,Italy,Day,Highway,Major,George,1
1646,1647,Sweden,Day,Highway,Medium,Ringo,2
1647,1648,Italy,Day,Highway,Critical,John,0
1648,1649,Germany,Day,Country,Medium,John,2
1649,1650,Italy,Night,Urban,Critical,Ringo,0
1650,1651,US,Day,Country,Medium,Ringo,2
1651,1652,US,Day,Country,Major,John,1
1652,1653,Germany,Night,Highway,Minor,Paul,3
1653,1654,US,Dusk,Urban,Critical,John,0
1654,1655,US,Day,Urban,Medium,Paul,2
1655,1656,Germany,Dusk,Country,Minor,George,3
1656,1657,UK,Day,Highway,Major,George,1
1657,1658,Germany,Night,Highway,Medium,John,2
1658,1659,Sweden,Day,Highway,Medium,John,2
1659,1660,US,Day,Highway,Medium,Paul,2
1660,1661,UK,Night,Country,Major,John,1
1661,1662,Germany,Dusk,Urban,Minor,Paul,3
1662,1663,Sweden,Day,Urban,Major,Paul,1
1663,1664,Germany,Night,Highway,Critical,Ringo,0
1664,1665,France,Night,Highway,Minor,Paul,3
1665,1666,US,Night,Highway,Major,George,1
1666,1667,UK,Day,Country,Medium,Ringo,2
1667,1668,US,Dusk,Urban,Minor,Paul,3
1668,1669,Italy,Night,Highway,Major,George,1
1669,1670,UK,Dusk,Urban,Critical,Paul,0
1670,1671,UK,Night,Urban,Major,George,1
1671,1672,Italy,Night,Highway,Major,John,1
1672,1673,US,Day,Country,Major,Ringo,1
1673,1674,France,Day,Highway,Medium,George,2
1674,1675,US,Day,Country,Medium,Paul,2
1675,1676,Italy,Day,Highway,Critical,Ringo,0
1676,1677,Italy,Night,Urban,Medium,Paul,2
1677,1678,US,Day,Country,Minor,Paul,3
1678,1679,Germany,Day,Country,Medium,John,2
1679,1680,Sweden,Day,Highway,Major,Ringo,1
1680,1681,France,Night,Urban,Medium,Paul,2
1681,1682,Sweden,Night,Country,Major,Ringo,1
1682,1683,Italy,Day,Highway,Critical,John,0
1683,1684,UK,Day,Urban,Minor,John,3
1684,1685,Germany,Night,Country,Minor,John,3
1685,1686,UK,Night,Country,Minor,John,3
1686,1687,Italy,Day,Urban,Critical,Ringo,0
1687,1688,Germany,Day,Country,Minor,George,3
1688,1689,France,Day,Country,Medium,Ringo,2
1689,1690,Sweden,Night,Urban,Major,Paul,1
1690,1691,France,Day,Highway,Major,Ringo,1
1691,1692,Germany,Day,Country,Medium,Ringo,2
1692,1693,UK,Night,Urban,Medium,George,2
1693,1694,US,Night,Highway,Major,George,1
1694,1695,US,Night,Urban,Minor,John,3
1695,1696,Italy,Day,Country,Critical,John,0
1696,1697,Sweden,Day,Highway,Medium,George,2
1697,1698,Germany,Day,Urban,Medium,George,2
1698,1699,France,Dusk,Urban,Minor,Paul,3
1699,1700,Germany,Day,Urban,Major,Ringo,1
1700,1701,Germany,Dusk,Country,Medium,Paul,2
1701,1702,UK,Dusk,Urban,Critical,Ringo,0
1702,1703,Germany,Day,Country,Major,Paul,1
1703,1704,Italy,Night,Urban,Major,John,1
1704,1705,Italy,Day,Highway,Critical,Paul,0
1705,1706,US,Night,Highway,Medium,Paul,2
1706,1707,US,Night,Urban,Major,John,1
1707,1708,UK,Day,Country,Medium,John,2
1708,1709,Sweden,Day,Urban,Major,George,1
1709,1710,Italy,Night,Country,Critical,George,0
1710,1711,UK,Day,Country,Medium,Paul,2
1711,1712,France,Night,Country,Medium,John,2
1712,1713,US,Day,Highway,Medium,George,2
1713,1714,UK,Dusk,Country,Minor,George,3
1714,1715,US,Day,Country,Medium,Ringo,2
1715,1716,Sweden,Night,Highway,Minor,John,3
1716,1717,France,Day,Highway,Minor,George,3
1717,1718,France,Night,Country,Critical,Ringo,0
1718,1719,UK,Day,Highway,Medium,Paul,2
1719,1720,France,Dusk,Highway,Minor,George,3
1720,1721,Italy,Day,Highway,Critical,George,0
1721,1722,Italy,Night,Country,Critical,Ringo,0
1722,1723,Germany,Day,Urban,Medium,Paul,2
1723,1724,UK,Day,Country,Major,Paul,1
1724,1725,Italy,Night,Country,Medium,George,2
1725,1726,Italy,Day,Country,Major,Paul,1
1726,1727,US,Day,Country,Major,Paul,1
1727,1728,Sweden,Day,Country,Major,Ringo,1
1728,1729,France,Day,Highway,Medium,Ringo,2
1729,1730,UK,Day,Country,Medium,John,2
1730,1731,France,Day,Highway,Medium,Ringo,2
1731,1732,Italy,Day,Highway,Medium,Ringo,2
1732,1733,Italy,Night,Urban,Major,Paul,1
1733,1734,US,Day,Country,Medium,Paul,2
1734,1735,Italy,Day,Country,Major,Ringo,1
1735,1736,Germany,Day,Highway,Medium,Ringo,2
1736,1737,Italy,Day,Urban,Critical,Paul,0
1737,1738,Sweden,Night,Country,Critical,Ringo,0
1738,1739,France,Night,Urban,Minor,George,3
1739,1740,France,Dusk,Urban,Minor,John,3
1740,1741,Italy,Night,Highway,Medium,John,2
1741,1742,France,Day,Country,Medium,Ringo,2
1742,1743,France,Day,Country,Major,John,1
1743,1744,Germany,Night,Urban,Medium,Ringo,2
1744,1745,Germany,Day,Country,Major,John,1
1745,1746,UK,Day,Country,Minor,John,3
1746,1747,Sweden,Day,Highway,Medium,John,2
1747,1748,US,Day,Country,Medium,Paul,2
1748,1749,Italy,Day,Highway,Major,George,1
1749,1750,Germany,Day,Country,Minor,John,3
1750,1751,France,Day,Urban,Medium,Paul,2
1751,1752,US,Dusk,Urban,Medium,John,2
1752,1753,Sweden,Day,Urban,Major,John,1
1753,1754,US,Night,Urban,Medium,John,2
1754,1755,France,Night,Highway,Major,John,1
1755,1756,Italy,Night,Urban,Medium,John,2
1756,1757,UK,Day,Country,Medium,Paul,2
1757,1758,France,Dusk,Country,Medium,John,2
1758,1759,US,Day,Highway,Medium,John,2
1759,1760,US,Night,Highway,Major,George,1
1760,1761,UK,Day,Highway,Major,John,1
1761,1762,Germany,Day,Highway,Major,John,1
1762,1763,Germany,Day,Country,Medium,John,2
1763,1764,US,Day,Highway,Major,John,1
1764,1765,Sweden,Day,Urban,Medium,Paul,2
1765,1766,UK,Day,Country,Medium,John,2
1766,1767,UK,Night,Country,Medium,Ringo,2
1767,1768,France,Day,Country,Medium,John,2
1768,1769,US,Day,Highway,Major,Paul,1
1769,1770,Germany,Day,Highway,Major,Paul,1
1770,1771,France,Night,Country,Major,John,1
1771,1772,France,Night,Urban,Critical,Ringo,0
1772,1773,Sweden,Day,Urban,Medium,George,2
1773,1774,Italy,Day,Urban,Medium,Ringo,2
1774,1775,UK,Night,Urban,Medium,Ringo,2
1775,1776,France,Dusk,Country,Medium,George,2
1776,1777,Sweden,Night,Urban,Critical,Ringo,0
1777,1778,UK,Night,Country,Medium,Ringo,2
1778,1779,Italy,Day,Highway,Major,Paul,1
1779,1780,Sweden,Dusk,Urban,Minor,George,3
1780,1781,France,Day,Country,Minor,John,3
1781,1782,Sweden,Dusk,Urban,Critical,Ringo,0
1782,1783,Germany,Night,Country,Major,John,1
1783,1784,Sweden,Night,Highway,Major,John,1
1784,1785,UK,Day,Highway,Major,John,1
1785,1786,UK,Night,Country,Major,John,1
1786,1787,France,Day,Country,Medium,George,2
1787,1788,Germany,Day,Highway,Major,Paul,1
1788,1789,France,Day,Country,Medium,Ringo,2
1789,1790,UK,Day,Country,Major,Ringo,1
1790,1791,Germany,Day,Country,Minor,John,3
1791,1792,Germany,Day,Country,Major,Paul,1
1792,1793,Germany,Day,Country,Medium,Paul,2
1793,1794,UK,Day,Urban,Minor,George,3
1794,1795,Italy,Day,Highway,Major,Paul,1
1795,1796,France,Night,Urban,Medium,Paul,2
1796,1797,UK,Day,Highway,Medium,John,2
1797,1798,US,Day,Country,Minor,Paul,3
1798,1799,France,Dusk,Country,Critical,Ringo,0
1799,1800,US,Night,Country,Major,Paul,1
1800,1801,Germany,Day,Highway,Minor,John,3
1801,1802,US,Dusk,Urban,Critical,Ringo,0
1802,1803,France,Night,Country,Minor,John,3
1803,1804,UK,Night,Country,Minor,John,3
1804,1805,US,Day,Country,Minor,Paul,3
1805,1806,US,Dusk,Highway,Critical,Ringo,0
1806,1807,France,Day,Urban,Major,Paul,1
1807,1808,France,Dusk,Urban,Minor,John,3
1808,1809,France,Day,Urban,Medium,George,2
1809,1810,France,Night,Urban,Major,Ringo,1
1810,1811,Italy,Day,Country,Major,Paul,1
1811,1812,UK,Night,Highway,Medium,Paul,2
1812,1813,Italy,Night,Country,Critical,George,0
1813,1814,UK,Night,Urban,Minor,John,3
1814,1815,France,Night,Urban,Medium,George,2
1815,1816,France,Dusk,Country,Medium,Paul,2
1816,1817,France,Night,Urban,Critical,Ringo,0
1817,1818,US,Night,Highway,Medium,Ringo,2
1818,1819,Sweden,Day,Country,Major,Paul,1
1819,1820,UK,Dusk,Urban,Minor,George,3
1820,1821,Sweden,Night,Urban,Minor,George,3
1821,1822,Italy,Night,Highway,Major,Paul,1
1822,1823,UK,Day,Country,Medium,Paul,2
1823,1824,US,Day,Highway,Major,George,1
1824,1825,Germany,Day,Highway,Major,George,1
1825,1826,Italy,Day,Country,Major,George,1
1826,1827,Sweden,Night,Country,Minor,George,3
1827,1828,Italy,Night,Urban,Critical,Ringo,0
1828,1829,Italy,Night,Urban,Medium,John,2
1829,1830,US,Night,Highway,Minor,Paul,3
1830,1831,Italy,Dusk,Urban,Medium,George,2
1831,1832,US,Night,Country,Major,Paul,1
1832,1833,US,Day,Country,Major,Ringo,1
1833,1834,France,Day,Highway,Critical,Ringo,0
1834,1835,Germany,Day,Urban,Major,Ringo,1
1835,1836,US,Dusk,Country,Medium,Paul,2
1836,1837,France,Day,Urban,Medium,John,2
1837,1838,UK,Day,Highway,Minor,Paul,3
1838,1839,Germany,Night,Urban,Major,John,1
1839,1840,UK,Day,Highway,Medium,George,2
1840,1841,UK,Day,Country,Minor,John,3
1841,1842,UK,Night,Country,Critical,Ringo,0
1842,1843,US,Dusk,Urban,Medium,Paul,2
1843,1844,Italy,Day,Highway,Critical,John,0
1844,1845,France,Dusk,Country,Medium,John,2
1845,1846,UK,Night,Highway,Critical,Ringo,0
1846,1847,France,Night,Country,Medium,Paul,2
1847,1848,Italy,Day,Urban,Major,John,1
1848,1849,UK,Day,Highway,Medium,George,2
1849,1850,Germany,Day,Urban,Medium,John,2
1850,1851,UK,Day,Highway,Medium,John,2
1851,1852,Italy,Day,Country,Medium,George,2
1852,1853,Italy,Night,Urban,Critical,Paul,0
1853,1854,UK,Night,Urban,Major,Paul,1
1854,1855,Italy,Day,Urban,Critical,George,0
1855,1856,UK,Day,Country,Minor,George,3
1856,1857,UK,Dusk,Highway,Medium,John,2
1857,1858,UK,Day,Country,Major,Paul,1
1858,1859,Italy,Night,Country,Critical,Paul,0
1859,1860,Germany,Night,Urban,Medium,Ringo,2
1860,1861,UK,Night,Highway,Medium,Ringo,2
1861,1862,US,Day,Country,Medium,Paul,2
1862,1863,Sweden,Night,Urban,Critical,Ringo,0
1863,1864,US,Dusk,Country,Medium,George,2
1864,1865,US,Day,Highway,Major,John,1
1865,1866,Sweden,Dusk,Country,Minor,John,3
1866,1867,Germany,Day,Highway,Major,George,1
1867,1868,Italy,Day,Highway,Major,Paul,1
1868,1869,US,Day,Highway,Major,George,1
1869,1870,US,Night,Highway,Critical,Ringo,0
1870,1871,France,Day,Country,Medium,George,2
1871,1872,France,Night,Highway,Medium,George,2
1872,1873,Germany,Night,Urban,Critical,Ringo,0
1873,1874,Sweden,Dusk,Highway,Minor,John,3
1874,1875,Sweden,Night,Country,Medium,Paul,2
1875,1876,France,Night,Urban,Major,Ringo,1
1876,1877,Sweden,Day,Country,Medium,John,2
1877,1878,Germany,Day,Country,Medium,Ringo,2
1878,1879,Germany,Night,Urban,Major,Ringo,1
1879,1880,Italy,Night,Highway,Major,George,1
1880,1881,Germany,Dusk,Country,Minor,John,3
1881,1882,Italy,Day,Urban,Major,Paul,1
1882,1883,US,Night,Country,Medium,Ringo,2
1883,1884,Sweden,Night,Country,Medium,Ringo,2
1884,1885,UK,Night,Urban,Medium,Paul,2
1885,1886,UK,Day,Highway,Minor,George,3
1886,1887,Sweden,Night,Urban,Major,Ringo,1
1887,1888,US,Day,Country,Medium,John,2
1888,1889,Germany,Day,Country,Major,John,1
1889,1890,Italy,Day,Urban,Critical,George,0
1890,1891,France,Day,Highway,Major,Paul,1
1891,1892,France,Day,Country,Minor,Paul,3
1892,1893,Italy,Day,Highway,Major,John,1
1893,1894,Germany,Night,Country,Medium,George,2
1894,1895,Germany,Night,Highway,Critical,Ringo,0
1895,1896,Italy,Night,Country,Major,John,1
1896,1897,UK,Day,Urban,Major,Paul,1
1897,1898,Sweden,Day,Country,Minor,George,3
1898,1899,US,Day,Highway,Medium,Paul,2
1899,1900,Germany,Day,Urban,Major,Paul,1
1900,1901,France,Day,Urban,Medium,Paul,2
1901,1902,Italy,Day,Highway,Medium,John,2
1902,1903,France,Night,Urban,Critical,Ringo,0
1903,1904,France,Dusk,Highway,Minor,George,3
1904,1905,US,Night,Highway,Minor,George,3
1905,1906,Sweden,Day,Country,Minor,John,3
1906,1907,UK,Day,Country,Medium,John,2
1907,1908,France,Day,Country,Medium,Paul,2
1908,1909,Sweden,Night,Urban,Major,George,1
1909,1910,Germany,Day,Urban,Medium,John,2
1910,1911,UK,Day,Highway,Major,Ringo,1
1911,1912,France,Night,Urban,Medium,Ringo,2
1912,1913,France,Day,Urban,Minor,George,3
1913,1914,US,Night,Highway,Minor,Paul,3
1914,1915,Germany,Day,Country,Major,George,1
1915,1916,UK,Day,Country,Major,Paul,1
1916,1917,US,Day,Country,Major,George,1
1917,1918,Germany,Day,Country,Minor,George,3
1918,1919,Germany,Night,Country,Major,John,1
1919,1920,US,Night,Highway,Medium,Ringo,2
1920,1921,Italy,Night,Highway,Critical,John,0
1921,1922,US,Day,Country,Medium,Paul,2
1922,1923,UK,Night,Highway,Medium,Ringo,2
1923,1924,Sweden,Day,Country,Major,John,1
1924,1925,France,Day,Country,Major,Ringo,1
1925,1926,Italy,Night,Urban,Critical,John,0
1926,1927,France,Day,Country,Medium,John,2
1927,1928,Sweden,Night,Country,Major,Ringo,1
1928,1929,Germany,Day,Country,Major,John,1
1929,1930,Italy,Night,Highway,Critical,Paul,0
1930,1931,France,Night,Urban,Major,George,1
1931,1932,Sweden,Night,Highway,Major,George,1
1932,1933,France,Dusk,Country,Medium,John,2
1933,1934,UK,Night,Urban,Medium,Paul,2
1934,1935,Sweden,Day,Urban,Medium,Ringo,2
1935,1936,UK,Day,Urban,Minor,George,3
1936,1937,UK,Day,Urban,Medium,Paul,2
1937,1938,Italy,Day,Country,Critical,Ringo,0
1938,1939,UK,Night,Urban,Minor,John,3
1939,1940,UK,Day,Highway,Medium,George,2
1940,1941,Sweden,Night,Country,Major,George,1
1941,1942,Italy,Day,Country,Major,Ringo,1
1942,1943,Sweden,Day,Highway,Major,Ringo,1
1943,1944,Sweden,Day,Country,Medium,Ringo,2
1944,1945,UK,Night,Highway,Medium,George,2
1945,1946,Sweden,Day,Country,Major,John,1
1946,1947,Italy,Night,Highway,Medium,George,2
1947,1948,US,Night,Highway,Major,Paul,1
1948,1949,Sweden,Day,Highway,Medium,Ringo,2
1949,1950,Germany,Day,Country,Major,John,1
1950,1951,Sweden,Night,Country,Major,George,1
1951,1952,France,Night,Urban,Major,George,1
1952,1953,France,Night,Country,Critical,Ringo,0
1953,1954,France,Day,Country,Major,George,1
1954,1955,UK,Day,Highway,Medium,Ringo,2
1955,1956,Italy,Day,Urban,Critical,George,0
1956,1957,Italy,Dusk,Country,Medium,John,2
1957,1958,US,Night,Urban,Minor,George,3
1958,1959,Sweden,Dusk,Urban,Minor,Paul,3
1959,1960,Sweden,Day,Highway,Minor,George,3
1960,1961,US,Dusk,Urban,Medium,Paul,2
1961,1962,France,Night,Urban,Medium,John,2
1962,1963,Italy,Day,Urban,Major,George,1
1963,1964,Sweden,Day,Country,Major,George,1
1964,1965,Germany,Dusk,Urban,Minor,George,3
1965,1966,UK,Dusk,Highway,Minor,George,3
1966,1967,Sweden,Day,Country,Medium,John,2
1967,1968,Sweden,Night,Highway,Medium,John,2
1968,1969,Italy,Day,Country,Major,George,1
1969,1970,Sweden,Day,Highway,Medium,Paul,2
1970,1971,UK,Dusk,Country,Minor,George,3
1971,1972,UK,Dusk,Country,Minor,Paul,3
1972,1973,Sweden,Day,Country,Minor,John,3
1973,1974,US,Night,Highway,Minor,George,3
1974,1975,Germany,Day,Urban,Medium,George,2
1975,1976,UK,Night,Highway,Medium,John,2
1976,1977,Italy,Night,Urban,Major,Paul,1
1977,1978,US,Dusk,Highway,Minor,John,3
1978,1979,UK,Day,Highway,Medium,George,2
1979,1980,Sweden,Day,Country,Medium,George,2
1980,1981,Sweden,Day,Urban,Major,George,1
1981,1982,Sweden,Dusk,Country,Minor,George,3
1982,1983,US,Day,Urban,Major,George,1
1983,1984,US,Night,Urban,Medium,Paul,2
1984,1985,UK,Day,Urban,Major,John,1
1985,1986,US,Day,Country,Medium,John,2
1986,1987,Germany,Night,Country,Major,Paul,1
1987,1988,UK,Day,Urban,Medium,George,2
1988,1989,UK,Night,Urban,Minor,George,3
1989,1990,UK,Day,Country,Medium,Ringo,2
1990,1991,US,Night,Country,Medium,Paul,2
1991,1992,US,Dusk,Urban,Medium,John,2
1992,1993,Italy,Night,Highway,Critical,Ringo,0
1993,1994,Sweden,Night,Country,Major,Ringo,1
1994,1995,US,Night,Highway,Medium,George,2
1995,1996,US,Day,Urban,Major,George,1
1996,1997,UK,Day,Urban,Medium,Paul,2
1997,1998,Germany,Night,Urban,Medium,Ringo,2
1998,1999,UK,Night,Urban,Major,John,1
1999,2000,Germany,Day,Urban,Medium,Paul,2
2000,2001,Germany,Dusk,Country,Medium,George,2
2001,2002,Germany,Day,Country,Medium,John,2
2002,2003,UK,Night,Highway,Minor,George,3
2003,2004,Italy,Day,Urban,Major,John,1
2004,2005,UK,Night,Highway,Major,Paul,1
2005,2006,US,Dusk,Urban,Medium,George,2
2006,2007,Germany,Day,Urban,Medium,John,2
2007,2008,US,Night,Highway,Major,Paul,1
2008,2009,UK,Day,Country,Major,John,1
2009,2010,UK,Night,Highway,Major,George,1
2010,2011,Italy,Day,Urban,Critical,Paul,0
2011,2012,Italy,Day,Country,Critical,John,0
2012,2013,UK,Dusk,Country,Medium,Paul,2
2013,2014,France,Night,Country,Medium,Paul,2
2014,2015,Germany,Day,Urban,Medium,George,2
2015,2016,Germany,Day,Highway,Major,George,1
2016,2017,Sweden,Day,Highway,Major,Ringo,1
2017,2018,France,Day,Highway,Critical,Ringo,0
2018,2019,Sweden,Day,Highway,Medium,George,2
2019,2020,France,Night,Urban,Major,Ringo,1
2020,2021,US,Night,Country,Minor,Paul,3
2021,2022,France,Day,Urban,Major,George,1
2022,2023,UK,Day,Highway,Medium,Ringo,2
2023,2024,Sweden,Night,Highway,Minor,Paul,3
2024,2025,Sweden,Night,Urban,Major,George,1
2025,2026,France,Night,Highway,Major,George,1
2026,2027,Sweden,Day,Country,Minor,John,3
2027,2028,US,Night,Urban,Medium,John,2
2028,2029,Italy,Day,Urban,Critical,George,0
2029,2030,US,Day,Highway,Major,John,1
2030,2031,UK,Night,Urban,Medium,George,2
2031,2032,Germany,Day,Country,Critical,Ringo,0
2032,2033,Italy,Day,Highway,Major,Paul,1
2033,2034,Italy,Night,Highway,Major,Paul,1
2034,2035,UK,Day,Highway,Major,Ringo,1
2035,2036,France,Night,Country,Medium,Paul,2
2036,2037,Italy,Day,Country,Major,Paul,1
2037,2038,Italy,Dusk,Highway,Medium,Paul,2
2038,2039,Italy,Day,Highway,Major,Paul,1
2039,2040,US,Night,Urban,Major,Paul,1
2040,2041,US,Day,Country,Medium,Paul,2
2041,2042,US,Day,Country,Medium,Paul,2
2042,2043,Italy,Day,Country,Critical,Ringo,0
2043,2044,Italy,Night,Highway,Critical,Ringo,0
2044,2045,France,Day,Country,Medium,George,2
2045,2046,Germany,Day,Country,Medium,Ringo,2
2046,2047,Italy,Day,Country,Major,George,1
2047,2048,Sweden,Day,Urban,Medium,Paul,2
2048,2049,Italy,Night,Urban,Major,George,1
2049,2050,Italy,Day,Highway,Major,John,1
2050,2051,Sweden,Night,Highway,Critical,Ringo,0
2051,2052,Germany,Day,Highway,Medium,George,2
2052,2053,France,Night,Highway,Major,Paul,1
2053,2054,Sweden,Day,Urban,Medium,George,2
2054,2055,France,Day,Highway,Critical,Ringo,0
2055,2056,France,Night,Country,Major,John,1
2056,2057,Germany,Day,Urban,Medium,Paul,2
2057,2058,UK,Day,Urban,Medium,John,2
2058,2059,Italy,Day,Country,Medium,Paul,2
2059,2060,France,Day,Urban,Medium,Paul,2
2060,2061,France,Day,Country,Major,Ringo,1
2061,2062,Italy,Day,Urban,Medium,George,2
2062,2063,France,Night,Highway,Critical,Ringo,0
2063,2064,Italy,Day,Highway,Major,John,1
2064,2065,Italy,Night,Country,Major,Ringo,1
2065,2066,Germany,Day,Highway,Major,George,1
2066,2067,Italy,Day,Urban,Critical,Ringo,0
2067,2068,France,Day,Urban,Medium,Ringo,2
2068,2069,Sweden,Day,Highway,Medium,George,2
2069,2070,France,Day,Country,Major,Paul,1
2070,2071,Sweden,Day,Highway,Medium,John,2
2071,2072,Italy,Dusk,Highway,Medium,George,2
2072,2073,Germany,Night,Highway,Minor,Paul,3
2073,2074,Sweden,Day,Country,Medium,Ringo,2
2074,2075,UK,Night,Urban,Minor,John,3
2075,2076,France,Night,Country,Medium,Paul,2
2076,2077,France,Day,Urban,Major,Paul,1
2077,2078,Italy,Night,Urban,Major,Paul,1
2078,2079,France,Night,Country,Minor,Paul,3
2079,2080,Italy,Day,Country,Medium,George,2
2080,2081,Sweden,Night,Urban,Critical,Ringo,0
2081,2082,US,Day,Urban,Major,John,1
2082,2083,France,Day,Highway,Major,Paul,1
2083,2084,Sweden,Night,Country,Major,John,1
2084,2085,Sweden,Day,Urban,Medium,Paul,2
2085,2086,Italy,Night,Country,Medium,John,2
2086,2087,UK,Dusk,Urban,Medium,Paul,2
2087,2088,US,Night,Urban,Critical,Ringo,0
2088,2089,UK,Night,Highway,Minor,John,3
2089,2090,Germany,Dusk,Country,Minor,John,3
2090,2091,France,Day,Country,Minor,Paul,3
2091,2092,Sweden,Day,Highway,Major,George,1
2092,2093,UK,Day,Highway,Major,George,1
2093,2094,UK,Night,Highway,Major,John,1
2094,2095,Italy,Dusk,Highway,Medium,John,2
2095,2096,Italy,Night,Country,Critical,George,0
2096,2097,Germany,Day,Urban,Medium,George,2
2097,2098,France,Day,Highway,Major,Paul,1
2098,2099,UK,Dusk,Country,Minor,John,3
2099,2100,France,Night,Urban,Medium,George,2
2100,2101,UK,Night,Urban,Medium,Paul,2
2101,2102,France,Night,Highway,Medium,John,2
2102,2103,Germany,Night,Highway,Major,Paul,1
2103,2104,Sweden,Night,Highway,Minor,Paul,3
2104,2105,Italy,Day,Urban,Medium,George,2
2105,2106,Sweden,Night,Highway,Medium,Paul,2
2106,2107,Italy,Night,Highway,Major,Ringo,1
2107,2108,US,Day,Urban,Medium,Paul,2
2108,2109,UK,Night,Country,Medium,Paul,2
2109,2110,US,Day,Urban,Medium,George,2
2110,2111,Sweden,Day,Highway,Minor,John,3
2111,2112,Germany,Day,Highway,Medium,John,2
2112,2113,US,Night,Highway,Critical,Ringo,0
2113,2114,Sweden,Dusk,Urban,Medium,Paul,2
2114,2115,France,Day,Urban,Medium,Ringo,2
2115,2116,Germany,Day,Highway,Major,John,1
2116,2117,Italy,Night,Country,Critical,Ringo,0
2117,2118,UK,Night,Urban,Medium,Paul,2
2118,2119,Sweden,Day,Country,Medium,Paul,2
2119,2120,France,Day,Urban,Major,Paul,1
2120,2121,Italy,Day,Country,Critical,George,0
2121,2122,Germany,Day,Urban,Minor,George,3
2122,2123,France,Night,Urban,Critical,Ringo,0
2123,2124,Germany,Day,Highway,Medium,John,2
2124,2125,Germany,Night,Urban,Medium,John,2
2125,2126,France,Night,Country,Major,George,1
2126,2127,France,Night,Urban,Critical,Ringo,0
2127,2128,Sweden,Day,Country,Major,Paul,1
2128,2129,UK,Day,Highway,Major,Ringo,1
2129,2130,US,Day,Country,Major,Paul,1
2130,2131,Sweden,Day,Country,Major,George,1
2131,2132,Sweden,Night,Urban,Major,Paul,1
2132,2133,UK,Night,Country,Critical,Ringo,0
2133,2134,US,Day,Highway,Medium,Ringo,2
2134,2135,US,Day,Urban,Critical,Ringo,0
2135,2136,UK,Night,Country,Critical,Ringo,0
2136,2137,US,Night,Urban,Critical,Ringo,0
2137,2138,France,Day,Urban,Medium,George,2
2138,2139,Germany,Day,Urban,Medium,George,2
2139,2140,Italy,Day,Highway,Medium,John,2
2140,2141,Germany,Night,Highway,Medium,John,2
2141,2142,US,Dusk,Urban,Medium,John,2
2142,2143,UK,Night,Highway,Medium,George,2
2143,2144,France,Day,Country,Medium,Paul,2
2144,2145,Germany,Night,Country,Medium,John,2
2145,2146,Germany,Day,Urban,Major,George,1
2146,2147,Sweden,Night,Country,Medium,John,2
2147,2148,UK,Night,Highway,Major,Ringo,1
2148,2149,Sweden,Day,Country,Critical,Ringo,0
2149,2150,Italy,Night,Highway,Major,John,1
2150,2151,Italy,Day,Urban,Major,George,1
2151,2152,Italy,Night,Urban,Critical,Ringo,0
2152,2153,US,Day,Country,Medium,George,2
2153,2154,Sweden,Day,Country,Medium,George,2
2154,2155,Sweden,Dusk,Urban,Medium,John,2
2155,2156,Italy,Day,Urban,Medium,George,2
2156,2157,Italy,Day,Highway,Critical,Ringo,0
2157,2158,US,Night,Country,Major,John,1
2158,2159,Germany,Day,Highway,Major,John,1
2159,2160,France,Night,Urban,Medium,Paul,2
2160,2161,Sweden,Day,Highway,Major,Paul,1
2161,2162,Sweden,Dusk,Urban,Minor,Paul,3
2162,2163,Sweden,Dusk,Urban,Minor,Paul,3
2163,2164,France,Night,Highway,Minor,George,3
2164,2165,Sweden,Day,Urban,Medium,George,2
2165,2166,Italy,Day,Country,Critical,Ringo,0
2166,2167,US,Day,Highway,Minor,Paul,3
2167,2168,UK,Day,Country,Medium,Paul,2
2168,2169,Germany,Day,Highway,Critical,Ringo,0
2169,2170,Sweden,Day,Country,Medium,George,2
2170,2171,Germany,Night,Highway,Critical,Ringo,0
2171,2172,Sweden,Day,Country,Minor,John,3
2172,2173,Sweden,Day,Urban,Major,Paul,1
2173,2174,Sweden,Day,Highway,Medium,Paul,2
2174,2175,Germany,Day,Highway,Medium,Paul,2
2175,2176,Germany,Night,Highway,Critical,Ringo,0
2176,2177,Germany,Dusk,Urban,Minor,George,3
2177,2178,UK,Night,Country,Critical,Ringo,0
2178,2179,France,Night,Highway,Critical,Ringo,0
2179,2180,Sweden,Night,Highway,Major,Ringo,1
2180,2181,US,Night,Highway,Minor,John,3
2181,2182,UK,Night,Country,Medium,John,2
2182,2183,Germany,Day,Country,Minor,John,3
2183,2184,UK,Night,Urban,Minor,John,3
2184,2185,UK,Dusk,Urban,Minor,George,3
2185,2186,Germany,Night,Country,Major,Paul,1
2186,2187,Sweden,Day,Urban,Medium,Paul,2
2187,2188,Germany,Day,Country,Major,John,1
2188,2189,France,Day,Highway,Critical,Ringo,0
2189,2190,Italy,Night,Country,Critical,Ringo,0
2190,2191,Italy,Night,Urban,Major,John,1
2191,2192,France,Day,Country,Minor,George,3
2192,2193,UK,Day,Urban,Medium,Paul,2
2193,2194,US,Night,Highway,Critical,Ringo,0
2194,2195,UK,Night,Highway,Major,John,1
2195,2196,US,Night,Country,Medium,John,2
2196,2197,Sweden,Night,Country,Minor,George,3
2197,2198,US,Night,Urban,Medium,John,2
2198,2199,Sweden,Night,Urban,Medium,John,2
2199,2200,Italy,Day,Highway,Critical,Ringo,0
2200,2201,US,Night,Country,Medium,George,2
2201,2202,Italy,Night,Highway,Critical,Paul,0
2202,2203,France,Night,Country,Major,George,1
2203,2204,Italy,Night,Highway,Critical,Ringo,0
2204,2205,UK,Dusk,Urban,Medium,John,2
2205,2206,France,Day,Highway,Medium,John,2
2206,2207,US,Dusk,Country,Medium,George,2
2207,2208,France,Day,Urban,Major,John,1
2208,2209,Italy,Night,Country,Major,George,1
2209,2210,US,Dusk,Country,Medium,Paul,2
2210,2211,Germany,Night,Country,Major,Paul,1
2211,2212,US,Night,Urban,Medium,Paul,2
2212,2213,Italy,Night,Urban,Critical,Ringo,0
2213,2214,Germany,Night,Highway,Major,Paul,1
2214,2215,UK,Night,Country,Major,George,1
2215,2216,UK,Night,Highway,Critical,Ringo,0
2216,2217,Sweden,Dusk,Country,Minor,George,3
2217,2218,UK,Dusk,Highway,Medium,George,2
2218,2219,US,Day,Urban,Medium,Paul,2
2219,2220,UK,Dusk,Highway,Medium,John,2
2220,2221,Germany,Day,Highway,Medium,John,2
2221,2222,US,Day,Country,Medium,John,2
2222,2223,UK,Day,Country,Medium,Paul,2
2223,2224,US,Night,Highway,Medium,John,2
2224,2225,US,Day,Urban,Medium,George,2
2225,2226,US,Night,Highway,Critical,Ringo,0
2226,2227,Sweden,Night,Urban,Medium,Paul,2
2227,2228,Italy,Day,Urban,Major,Paul,1
2228,2229,France,Day,Country,Critical,Ringo,0
2229,2230,US,Dusk,Country,Medium,George,2
2230,2231,France,Day,Highway,Major,Paul,1
2231,2232,Germany,Day,Country,Medium,Paul,2
2232,2233,Italy,Day,Country,Critical,Ringo,0
2233,2234,Germany,Night,Highway,Critical,Ringo,0
2234,2235,Germany,Night,Highway,Major,Ringo,1
2235,2236,Sweden,Day,Highway,Minor,John,3
2236,2237,Sweden,Night,Highway,Medium,George,2
2237,2238,Sweden,Night,Country,Major,George,1
2238,2239,Sweden,Night,Urban,Minor,George,3
